date,district,temperature,humidity,pm25,population,latitude,longitude
2023-01-01,Almaty,1.6,80.6,25.9,350000,51.15,71.45
2023-01-02,Almaty,8.1,77.5,20.4,350000,51.15,71.45
2023-01-03,Almaty,9.2,71.7,20.9,350000,51.15,71.45
2023-01-04,Almaty,7.0,81.4,20.5,350000,51.15,71.45
2023-01-05,Almaty,4.4,75.3,26.4,350000,51.15,71.45
2023-01-06,Almaty,5.9,81.1,16.0,350000,51.15,71.45
2023-01-07,Almaty,7.8,77.6,23.7,350000,51.15,71.45
2023-01-08,Almaty,9.2,81.8,21.5,350000,51.15,71.45
2023-01-09,Almaty,7.5,71.9,16.2,350000,51.15,71.45
2023-01-10,Almaty,6.0,78.0,27.8,350000,51.15,71.45
2023-01-11,Almaty,7.0,78.5,18.7,350000,51.15,71.45
2023-01-12,Almaty,11.7,77.8,23.4,350000,51.15,71.45
2023-01-13,Almaty,11.7,76.1,23.1,350000,51.15,71.45
2023-01-14,Almaty,10.8,72.8,17.4,350000,51.15,71.45
2023-01-15,Almaty,13.3,80.6,24.7,350000,51.15,71.45
2023-01-16,Almaty,12.4,88.4,23.1,350000,51.15,71.45
2023-01-17,Almaty,9.8,83.2,18.8,350000,51.15,71.45
2023-01-18,Almaty,12.3,88.0,25.9,350000,51.15,71.45
2023-01-19,Almaty,13.9,79.9,19.7,350000,51.15,71.45
2023-01-20,Almaty,13.5,76.4,14.8,350000,51.15,71.45
2023-01-21,Almaty,14.3,72.0,6.9,350000,51.15,71.45
2023-01-22,Almaty,10.6,83.7,9.4,350000,51.15,71.45
2023-01-23,Almaty,12.5,73.3,20.3,350000,51.15,71.45
2023-01-24,Almaty,15.3,77.7,31.3,350000,51.15,71.45
2023-01-25,Almaty,12.4,82.7,20.4,350000,51.15,71.45
2023-01-26,Almaty,12.0,71.7,23.1,350000,51.15,71.45
2023-01-27,Almaty,20.1,83.1,18.6,350000,51.15,71.45
2023-01-28,Almaty,11.9,80.5,17.5,350000,51.15,71.45
2023-01-29,Almaty,14.9,81.5,15.2,350000,51.15,71.45
2023-01-30,Almaty,17.8,64.0,18.9,350000,51.15,71.45
2023-01-31,Almaty,17.4,79.2,17.4,350000,51.15,71.45
2023-02-01,Almaty,16.0,81.7,20.5,350000,51.15,71.45
2023-02-02,Almaty,22.4,77.0,18.6,350000,51.15,71.45
2023-02-03,Almaty,19.4,82.4,22.8,350000,51.15,71.45
2023-02-04,Almaty,15.5,69.1,15.7,350000,51.15,71.45
2023-02-05,Almaty,17.2,76.8,26.7,350000,51.15,71.45
2023-02-06,Almaty,21.0,72.7,21.2,350000,51.15,71.45
2023-02-07,Almaty,14.9,73.6,27.2,350000,51.15,71.45
2023-02-08,Almaty,18.1,77.9,20.4,350000,51.15,71.45
2023-02-09,Almaty,23.1,80.9,24.2,350000,51.15,71.45
2023-02-10,Almaty,22.3,81.4,15.1,350000,51.15,71.45
2023-02-11,Almaty,20.8,73.0,23.0,350000,51.15,71.45
2023-02-12,Almaty,20.9,71.5,22.6,350000,51.15,71.45
2023-02-13,Almaty,20.5,88.9,30.8,350000,51.15,71.45
2023-02-14,Almaty,21.4,76.7,18.1,350000,51.15,71.45
2023-02-15,Almaty,20.6,70.4,30.3,350000,51.15,71.45
2023-02-16,Almaty,20.4,71.5,14.3,350000,51.15,71.45
2023-02-17,Almaty,21.2,70.7,24.0,350000,51.15,71.45
2023-02-18,Almaty,23.7,75.5,27.4,350000,51.15,71.45
2023-02-19,Almaty,20.1,74.9,17.4,350000,51.15,71.45
2023-02-20,Almaty,23.7,77.3,27.5,350000,51.15,71.45
2023-02-21,Almaty,21.7,64.5,25.7,350000,51.15,71.45
2023-02-22,Almaty,22.7,78.7,26.2,350000,51.15,71.45
2023-02-23,Almaty,29.0,68.0,25.9,350000,51.15,71.45
2023-02-24,Almaty,27.6,70.4,15.6,350000,51.15,71.45
2023-02-25,Almaty,26.5,72.1,23.2,350000,51.15,71.45
2023-02-26,Almaty,25.1,78.5,27.4,350000,51.15,71.45
2023-02-27,Almaty,26.0,70.1,27.1,350000,51.15,71.45
2023-02-28,Almaty,26.4,75.9,22.3,350000,51.15,71.45
2023-03-01,Almaty,27.9,74.6,18.2,350000,51.15,71.45
2023-03-02,Almaty,28.0,75.3,23.7,350000,51.15,71.45
2023-03-03,Almaty,25.9,65.1,16.8,350000,51.15,71.45
2023-03-04,Almaty,29.5,72.4,15.2,350000,51.15,71.45
2023-03-05,Almaty,28.8,71.3,23.2,350000,51.15,71.45
2023-03-06,Almaty,28.0,68.7,27.0,350000,51.15,71.45
2023-03-07,Almaty,25.6,63.2,19.1,350000,51.15,71.45
2023-03-08,Almaty,29.8,67.8,20.7,350000,51.15,71.45
2023-03-09,Almaty,24.7,59.5,21.0,350000,51.15,71.45
2023-03-10,Almaty,27.2,68.2,22.6,350000,51.15,71.45
2023-03-11,Almaty,28.8,64.2,17.3,350000,51.15,71.45
2023-03-12,Almaty,29.4,67.8,31.2,350000,51.15,71.45
2023-03-13,Almaty,27.9,64.2,23.3,350000,51.15,71.45
2023-03-14,Almaty,27.9,74.5,24.0,350000,51.15,71.45
2023-03-15,Almaty,30.0,69.2,19.8,350000,51.15,71.45
2023-03-16,Almaty,28.0,56.3,21.3,350000,51.15,71.45
2023-03-17,Almaty,28.9,66.3,12.6,350000,51.15,71.45
2023-03-18,Almaty,27.7,62.6,28.4,350000,51.15,71.45
2023-03-19,Almaty,31.3,65.6,31.8,350000,51.15,71.45
2023-03-20,Almaty,30.1,66.5,20.8,350000,51.15,71.45
2023-03-21,Almaty,27.1,65.3,23.2,350000,51.15,71.45
2023-03-22,Almaty,29.6,62.9,29.6,350000,51.15,71.45
2023-03-23,Almaty,28.4,67.8,23.2,350000,51.15,71.45
2023-03-24,Almaty,29.9,65.9,24.0,350000,51.15,71.45
2023-03-25,Almaty,33.4,55.9,22.9,350000,51.15,71.45
2023-03-26,Almaty,31.5,59.9,24.7,350000,51.15,71.45
2023-03-27,Almaty,30.8,67.0,18.8,350000,51.15,71.45
2023-03-28,Almaty,32.8,57.2,16.4,350000,51.15,71.45
2023-03-29,Almaty,33.2,54.2,26.4,350000,51.15,71.45
2023-03-30,Almaty,34.1,59.8,13.4,350000,51.15,71.45
2023-03-31,Almaty,33.3,66.0,17.8,350000,51.15,71.45
2023-04-01,Almaty,31.4,57.8,21.7,350000,51.15,71.45
2023-04-02,Almaty,31.6,58.2,24.1,350000,51.15,71.45
2023-04-03,Almaty,33.1,59.7,23.3,350000,51.15,71.45
2023-04-04,Almaty,30.6,58.6,22.7,350000,51.15,71.45
2023-04-05,Almaty,30.6,62.7,20.5,350000,51.15,71.45
2023-04-06,Almaty,30.6,55.1,19.4,350000,51.15,71.45
2023-04-07,Almaty,31.2,65.6,22.8,350000,51.15,71.45
2023-04-08,Almaty,30.3,51.9,21.6,350000,51.15,71.45
2023-04-09,Almaty,30.6,66.3,22.7,350000,51.15,71.45
2023-04-10,Almaty,27.6,46.9,27.9,350000,51.15,71.45
2023-04-11,Almaty,27.7,63.7,19.8,350000,51.15,71.45
2023-04-12,Almaty,32.6,52.8,13.6,350000,51.15,71.45
2023-04-13,Almaty,28.1,54.1,25.2,350000,51.15,71.45
2023-04-14,Almaty,29.3,44.9,25.2,350000,51.15,71.45
2023-04-15,Almaty,24.6,52.5,14.3,350000,51.15,71.45
2023-04-16,Almaty,30.8,59.3,25.0,350000,51.15,71.45
2023-04-17,Almaty,29.5,45.3,21.8,350000,51.15,71.45
2023-04-18,Almaty,27.8,54.6,12.4,350000,51.15,71.45
2023-04-19,Almaty,31.6,61.0,17.6,350000,51.15,71.45
2023-04-20,Almaty,30.1,39.5,32.0,350000,51.15,71.45
2023-04-21,Almaty,30.1,56.7,27.6,350000,51.15,71.45
2023-04-22,Almaty,30.5,60.8,21.6,350000,51.15,71.45
2023-04-23,Almaty,26.9,50.8,22.0,350000,51.15,71.45
2023-04-24,Almaty,26.7,54.4,25.5,350000,51.15,71.45
2023-04-25,Almaty,24.2,48.9,13.9,350000,51.15,71.45
2023-04-26,Almaty,25.0,55.6,19.7,350000,51.15,71.45
2023-04-27,Almaty,26.8,46.3,19.0,350000,51.15,71.45
2023-04-28,Almaty,30.1,51.8,17.8,350000,51.15,71.45
2023-04-29,Almaty,28.6,65.4,22.1,350000,51.15,71.45
2023-04-30,Almaty,27.5,51.3,8.3,350000,51.15,71.45
2023-05-01,Almaty,28.1,42.6,30.9,350000,51.15,71.45
2023-05-02,Almaty,28.5,43.8,25.6,350000,51.15,71.45
2023-05-03,Almaty,26.1,52.6,11.6,350000,51.15,71.45
2023-05-04,Almaty,29.9,57.1,28.2,350000,51.15,71.45
2023-05-05,Almaty,27.0,47.9,16.9,350000,51.15,71.45
2023-05-06,Almaty,26.0,52.4,14.2,350000,51.15,71.45
2023-05-07,Almaty,24.7,49.6,24.9,350000,51.15,71.45
2023-05-08,Almaty,26.3,47.5,31.2,350000,51.15,71.45
2023-05-09,Almaty,25.8,54.8,19.1,350000,51.15,71.45
2023-05-10,Almaty,29.0,53.3,17.1,350000,51.15,71.45
2023-05-11,Almaty,26.2,56.0,22.0,350000,51.15,71.45
2023-05-12,Almaty,26.6,46.2,23.7,350000,51.15,71.45
2023-05-13,Almaty,21.3,39.7,23.1,350000,51.15,71.45
2023-05-14,Almaty,24.5,49.3,18.6,350000,51.15,71.45
2023-05-15,Almaty,22.1,47.9,22.7,350000,51.15,71.45
2023-05-16,Almaty,25.2,45.9,18.7,350000,51.15,71.45
2023-05-17,Almaty,25.5,44.1,13.8,350000,51.15,71.45
2023-05-18,Almaty,19.7,50.3,25.8,350000,51.15,71.45
2023-05-19,Almaty,25.1,53.3,23.3,350000,51.15,71.45
2023-05-20,Almaty,15.5,44.7,20.9,350000,51.15,71.45
2023-05-21,Almaty,21.4,51.4,18.0,350000,51.15,71.45
2023-05-22,Almaty,22.8,49.6,24.1,350000,51.15,71.45
2023-05-23,Almaty,21.6,45.1,12.9,350000,51.15,71.45
2023-05-24,Almaty,21.6,39.0,21.9,350000,51.15,71.45
2023-05-25,Almaty,19.4,44.5,23.8,350000,51.15,71.45
2023-05-26,Almaty,21.2,42.3,30.1,350000,51.15,71.45
2023-05-27,Almaty,20.8,50.2,22.0,350000,51.15,71.45
2023-05-28,Almaty,21.1,49.2,21.6,350000,51.15,71.45
2023-05-29,Almaty,18.4,46.7,22.1,350000,51.15,71.45
2023-05-30,Almaty,17.8,51.2,22.8,350000,51.15,71.45
2023-05-31,Almaty,20.1,43.1,19.9,350000,51.15,71.45
2023-06-01,Almaty,17.4,41.8,25.4,350000,51.15,71.45
2023-06-02,Almaty,18.9,47.8,24.4,350000,51.15,71.45
2023-06-03,Almaty,18.0,53.2,28.6,350000,51.15,71.45
2023-06-04,Almaty,17.0,40.4,21.4,350000,51.15,71.45
2023-06-05,Almaty,15.5,51.1,19.6,350000,51.15,71.45
2023-06-06,Almaty,14.9,48.2,23.5,350000,51.15,71.45
2023-06-07,Almaty,18.1,45.3,23.5,350000,51.15,71.45
2023-06-08,Almaty,13.7,46.6,27.3,350000,51.15,71.45
2023-06-09,Almaty,10.7,41.9,15.1,350000,51.15,71.45
2023-06-10,Almaty,14.5,51.5,17.4,350000,51.15,71.45
2023-06-11,Almaty,14.3,40.0,17.2,350000,51.15,71.45
2023-06-12,Almaty,13.8,33.3,23.6,350000,51.15,71.45
2023-06-13,Almaty,14.1,37.1,20.8,350000,51.15,71.45
2023-06-14,Almaty,12.9,41.7,16.6,350000,51.15,71.45
2023-06-15,Almaty,13.3,32.4,28.2,350000,51.15,71.45
2023-06-16,Almaty,11.3,42.4,16.7,350000,51.15,71.45
2023-06-17,Almaty,12.4,50.7,24.5,350000,51.15,71.45
2023-06-18,Almaty,11.8,45.5,12.6,350000,51.15,71.45
2023-06-19,Almaty,12.4,37.0,23.4,350000,51.15,71.45
2023-06-20,Almaty,9.6,46.7,28.8,350000,51.15,71.45
2023-06-21,Almaty,9.8,43.2,23.8,350000,51.15,71.45
2023-06-22,Almaty,9.7,32.9,24.4,350000,51.15,71.45
2023-06-23,Almaty,9.3,38.2,27.6,350000,51.15,71.45
2023-06-24,Almaty,9.7,42.9,22.2,350000,51.15,71.45
2023-06-25,Almaty,8.1,30.0,24.2,350000,51.15,71.45
2023-06-26,Almaty,7.1,35.2,26.1,350000,51.15,71.45
2023-06-27,Almaty,8.5,38.7,22.4,350000,51.15,71.45
2023-06-28,Almaty,6.8,37.1,24.7,350000,51.15,71.45
2023-06-29,Almaty,5.6,42.5,23.3,350000,51.15,71.45
2023-06-30,Almaty,4.2,46.9,30.9,350000,51.15,71.45
2023-07-01,Almaty,6.6,44.9,26.4,350000,51.15,71.45
2023-07-02,Almaty,5.6,35.0,22.4,350000,51.15,71.45
2023-07-03,Almaty,7.3,48.7,18.5,350000,51.15,71.45
2023-07-04,Almaty,2.9,39.0,29.3,350000,51.15,71.45
2023-07-05,Almaty,2.4,35.8,19.7,350000,51.15,71.45
2023-07-06,Almaty,6.0,30.0,9.3,350000,51.15,71.45
2023-07-07,Almaty,5.3,41.9,20.9,350000,51.15,71.45
2023-07-08,Almaty,1.2,44.5,27.0,350000,51.15,71.45
2023-07-09,Almaty,-1.7,40.4,8.3,350000,51.15,71.45
2023-07-10,Almaty,5.8,39.8,21.9,350000,51.15,71.45
2023-07-11,Almaty,1.1,38.5,21.7,350000,51.15,71.45
2023-07-12,Almaty,2.1,36.9,23.4,350000,51.15,71.45
2023-07-13,Almaty,0.5,39.7,20.7,350000,51.15,71.45
2023-07-14,Almaty,0.4,45.5,36.2,350000,51.15,71.45
2023-07-15,Almaty,4.9,43.6,26.9,350000,51.15,71.45
2023-07-16,Almaty,-1.7,38.4,23.8,350000,51.15,71.45
2023-07-17,Almaty,-1.1,43.6,29.0,350000,51.15,71.45
2023-07-18,Almaty,-0.5,39.9,22.0,350000,51.15,71.45
2023-07-19,Almaty,-1.8,46.0,19.6,350000,51.15,71.45
2023-07-20,Almaty,-2.8,35.8,20.1,350000,51.15,71.45
2023-07-21,Almaty,-3.6,43.2,32.0,350000,51.15,71.45
2023-07-22,Almaty,-3.0,40.9,18.3,350000,51.15,71.45
2023-07-23,Almaty,-0.4,36.2,26.2,350000,51.15,71.45
2023-07-24,Almaty,-2.7,36.8,23.0,350000,51.15,71.45
2023-07-25,Almaty,-6.3,35.0,17.5,350000,51.15,71.45
2023-07-26,Almaty,-3.0,45.6,24.6,350000,51.15,71.45
2023-07-27,Almaty,-2.4,44.2,29.5,350000,51.15,71.45
2023-07-28,Almaty,-6.4,45.2,20.7,350000,51.15,71.45
2023-07-29,Almaty,-8.2,43.2,16.2,350000,51.15,71.45
2023-07-30,Almaty,-4.9,40.5,17.7,350000,51.15,71.45
2023-07-31,Almaty,-8.6,42.2,18.3,350000,51.15,71.45
2023-08-01,Almaty,-8.2,42.4,24.6,350000,51.15,71.45
2023-08-02,Almaty,-6.7,41.5,26.5,350000,51.15,71.45
2023-08-03,Almaty,-10.9,46.6,23.2,350000,51.15,71.45
2023-08-04,Almaty,-10.0,36.4,24.5,350000,51.15,71.45
2023-08-05,Almaty,-10.6,40.3,20.8,350000,51.15,71.45
2023-08-06,Almaty,-10.1,52.2,23.6,350000,51.15,71.45
2023-08-07,Almaty,-13.1,47.4,24.5,350000,51.15,71.45
2023-08-08,Almaty,-7.4,48.1,21.6,350000,51.15,71.45
2023-08-09,Almaty,-11.8,40.6,21.0,350000,51.15,71.45
2023-08-10,Almaty,-9.1,46.3,28.4,350000,51.15,71.45
2023-08-11,Almaty,-13.8,37.9,20.7,350000,51.15,71.45
2023-08-12,Almaty,-9.6,47.1,19.6,350000,51.15,71.45
2023-08-13,Almaty,-6.4,37.4,18.5,350000,51.15,71.45
2023-08-14,Almaty,-9.8,41.7,19.1,350000,51.15,71.45
2023-08-15,Almaty,-10.5,50.3,20.0,350000,51.15,71.45
2023-08-16,Almaty,-8.9,47.5,12.0,350000,51.15,71.45
2023-08-17,Almaty,-10.8,44.2,21.8,350000,51.15,71.45
2023-08-18,Almaty,-12.5,44.4,14.1,350000,51.15,71.45
2023-08-19,Almaty,-11.1,37.8,26.3,350000,51.15,71.45
2023-08-20,Almaty,-9.7,48.1,18.3,350000,51.15,71.45
2023-08-21,Almaty,-15.1,50.7,21.5,350000,51.15,71.45
2023-08-22,Almaty,-13.3,48.2,24.5,350000,51.15,71.45
2023-08-23,Almaty,-17.2,45.3,13.9,350000,51.15,71.45
2023-08-24,Almaty,-14.4,41.1,29.0,350000,51.15,71.45
2023-08-25,Almaty,-17.4,54.2,12.8,350000,51.15,71.45
2023-08-26,Almaty,-16.8,53.4,20.2,350000,51.15,71.45
2023-08-27,Almaty,-16.8,53.3,20.6,350000,51.15,71.45
2023-08-28,Almaty,-17.3,54.7,21.7,350000,51.15,71.45
2023-08-29,Almaty,-15.0,47.7,14.0,350000,51.15,71.45
2023-08-30,Almaty,-16.9,53.5,23.3,350000,51.15,71.45
2023-08-31,Almaty,-13.5,50.9,22.0,350000,51.15,71.45
2023-09-01,Almaty,-19.6,46.2,13.4,350000,51.15,71.45
2023-09-02,Almaty,-17.7,43.0,22.7,350000,51.15,71.45
2023-09-03,Almaty,-14.3,52.9,17.1,350000,51.15,71.45
2023-09-04,Almaty,-17.8,42.7,16.5,350000,51.15,71.45
2023-09-05,Almaty,-18.9,45.3,27.5,350000,51.15,71.45
2023-09-06,Almaty,-15.4,59.4,19.6,350000,51.15,71.45
2023-09-07,Almaty,-15.2,44.2,21.8,350000,51.15,71.45
2023-09-08,Almaty,-17.2,45.0,25.5,350000,51.15,71.45
2023-09-09,Almaty,-15.7,50.3,15.7,350000,51.15,71.45
2023-09-10,Almaty,-17.9,51.0,24.9,350000,51.15,71.45
2023-09-11,Almaty,-16.3,47.2,12.5,350000,51.15,71.45
2023-09-12,Almaty,-17.2,57.8,27.9,350000,51.15,71.45
2023-09-13,Almaty,-19.7,54.5,13.9,350000,51.15,71.45
2023-09-14,Almaty,-15.4,56.3,19.6,350000,51.15,71.45
2023-09-15,Almaty,-15.8,49.3,27.6,350000,51.15,71.45
2023-09-16,Almaty,-15.7,51.5,25.6,350000,51.15,71.45
2023-09-17,Almaty,-23.1,54.3,20.8,350000,51.15,71.45
2023-09-18,Almaty,-21.4,57.4,20.2,350000,51.15,71.45
2023-09-19,Almaty,-17.4,55.8,16.1,350000,51.15,71.45
2023-09-20,Almaty,-20.7,48.7,22.1,350000,51.15,71.45
2023-09-21,Almaty,-21.0,50.8,26.8,350000,51.15,71.45
2023-09-22,Almaty,-20.8,58.8,15.8,350000,51.15,71.45
2023-09-23,Almaty,-20.3,57.2,21.6,350000,51.15,71.45
2023-09-24,Almaty,-17.6,65.7,17.9,350000,51.15,71.45
2023-09-25,Almaty,-17.2,58.3,22.0,350000,51.15,71.45
2023-09-26,Almaty,-21.8,60.2,20.9,350000,51.15,71.45
2023-09-27,Almaty,-19.1,59.2,18.3,350000,51.15,71.45
2023-09-28,Almaty,-21.1,60.8,20.9,350000,51.15,71.45
2023-09-29,Almaty,-18.3,62.1,19.5,350000,51.15,71.45
2023-09-30,Almaty,-19.8,60.3,22.1,350000,51.15,71.45
2023-10-01,Almaty,-18.5,55.4,21.1,350000,51.15,71.45
2023-10-02,Almaty,-20.3,63.0,12.6,350000,51.15,71.45
2023-10-03,Almaty,-24.1,69.0,24.4,350000,51.15,71.45
2023-10-04,Almaty,-19.7,69.8,19.9,350000,51.15,71.45
2023-10-05,Almaty,-23.2,61.6,24.1,350000,51.15,71.45
2023-10-06,Almaty,-18.9,65.1,23.4,350000,51.15,71.45
2023-10-07,Almaty,-17.5,55.5,19.0,350000,51.15,71.45
2023-10-08,Almaty,-19.8,66.8,18.4,350000,51.15,71.45
2023-10-09,Almaty,-23.7,55.5,24.8,350000,51.15,71.45
2023-10-10,Almaty,-18.4,66.8,28.5,350000,51.15,71.45
2023-10-11,Almaty,-16.4,63.1,21.2,350000,51.15,71.45
2023-10-12,Almaty,-18.3,61.1,24.7,350000,51.15,71.45
2023-10-13,Almaty,-19.9,65.6,27.7,350000,51.15,71.45
2023-10-14,Almaty,-20.5,64.6,19.1,350000,51.15,71.45
2023-10-15,Almaty,-16.1,59.9,26.0,350000,51.15,71.45
2023-10-16,Almaty,-16.9,60.3,19.9,350000,51.15,71.45
2023-10-17,Almaty,-18.0,64.2,16.7,350000,51.15,71.45
2023-10-18,Almaty,-20.9,70.0,21.4,350000,51.15,71.45
2023-10-19,Almaty,-16.0,61.0,22.7,350000,51.15,71.45
2023-10-20,Almaty,-19.1,59.5,18.1,350000,51.15,71.45
2023-10-21,Almaty,-18.0,68.5,27.8,350000,51.15,71.45
2023-10-22,Almaty,-18.0,69.9,18.8,350000,51.15,71.45
2023-10-23,Almaty,-20.8,74.1,23.4,350000,51.15,71.45
2023-10-24,Almaty,-18.5,72.2,27.9,350000,51.15,71.45
2023-10-25,Almaty,-16.1,74.0,21.2,350000,51.15,71.45
2023-10-26,Almaty,-19.1,72.6,23.4,350000,51.15,71.45
2023-10-27,Almaty,-16.9,64.3,14.4,350000,51.15,71.45
2023-10-28,Almaty,-21.6,69.1,21.3,350000,51.15,71.45
2023-10-29,Almaty,-16.8,61.4,22.3,350000,51.15,71.45
2023-10-30,Almaty,-15.6,68.4,17.6,350000,51.15,71.45
2023-10-31,Almaty,-14.9,61.7,20.1,350000,51.15,71.45
2023-11-01,Almaty,-16.5,72.1,22.5,350000,51.15,71.45
2023-11-02,Almaty,-15.9,79.9,17.4,350000,51.15,71.45
2023-11-03,Almaty,-17.6,65.3,29.7,350000,51.15,71.45
2023-11-04,Almaty,-14.8,82.7,18.7,350000,51.15,71.45
2023-11-05,Almaty,-15.4,75.0,25.0,350000,51.15,71.45
2023-11-06,Almaty,-14.5,76.4,21.1,350000,51.15,71.45
2023-11-07,Almaty,-15.5,74.3,11.7,350000,51.15,71.45
2023-11-08,Almaty,-16.0,76.3,28.3,350000,51.15,71.45
2023-11-09,Almaty,-13.4,69.1,19.8,350000,51.15,71.45
2023-11-10,Almaty,-14.0,73.9,27.9,350000,51.15,71.45
2023-11-11,Almaty,-13.0,83.4,33.3,350000,51.15,71.45
2023-11-12,Almaty,-14.1,65.1,15.4,350000,51.15,71.45
2023-11-13,Almaty,-13.9,70.9,23.9,350000,51.15,71.45
2023-11-14,Almaty,-11.8,70.2,20.0,350000,51.15,71.45
2023-11-15,Almaty,-10.8,73.7,26.0,350000,51.15,71.45
2023-11-16,Almaty,-10.5,77.1,16.8,350000,51.15,71.45
2023-11-17,Almaty,-13.9,75.0,23.1,350000,51.15,71.45
2023-11-18,Almaty,-11.9,69.3,16.2,350000,51.15,71.45
2023-11-19,Almaty,-8.1,68.0,17.8,350000,51.15,71.45
2023-11-20,Almaty,-11.8,74.0,19.9,350000,51.15,71.45
2023-11-21,Almaty,-13.3,75.9,21.4,350000,51.15,71.45
2023-11-22,Almaty,-11.5,77.6,14.4,350000,51.15,71.45
2023-11-23,Almaty,-7.9,75.6,23.6,350000,51.15,71.45
2023-11-24,Almaty,-7.7,69.8,25.2,350000,51.15,71.45
2023-11-25,Almaty,-8.2,79.7,18.2,350000,51.15,71.45
2023-11-26,Almaty,-10.4,80.5,19.3,350000,51.15,71.45
2023-11-27,Almaty,-9.7,73.4,18.8,350000,51.15,71.45
2023-11-28,Almaty,-7.1,75.3,31.8,350000,51.15,71.45
2023-11-29,Almaty,-9.7,69.5,30.1,350000,51.15,71.45
2023-11-30,Almaty,-7.2,74.9,24.3,350000,51.15,71.45
2023-12-01,Almaty,-9.2,79.9,27.1,350000,51.15,71.45
2023-12-02,Almaty,-9.2,75.1,25.0,350000,51.15,71.45
2023-12-03,Almaty,-5.4,79.6,16.2,350000,51.15,71.45
2023-12-04,Almaty,-4.8,82.2,17.4,350000,51.15,71.45
2023-12-05,Almaty,-8.7,77.2,19.2,350000,51.15,71.45
2023-12-06,Almaty,-6.2,71.7,30.1,350000,51.15,71.45
2023-12-07,Almaty,-1.5,83.5,25.6,350000,51.15,71.45
2023-12-08,Almaty,-4.7,70.7,26.0,350000,51.15,71.45
2023-12-09,Almaty,-3.2,73.2,22.5,350000,51.15,71.45
2023-12-10,Almaty,-4.9,74.8,23.3,350000,51.15,71.45
2023-12-11,Almaty,-3.1,77.3,15.1,350000,51.15,71.45
2023-12-12,Almaty,-3.7,84.1,14.8,350000,51.15,71.45
2023-12-13,Almaty,-3.5,86.2,19.6,350000,51.15,71.45
2023-12-14,Almaty,-3.3,86.2,20.6,350000,51.15,71.45
2023-12-15,Almaty,-1.1,85.1,22.1,350000,51.15,71.45
2023-12-16,Almaty,-1.9,73.7,29.7,350000,51.15,71.45
2023-12-17,Almaty,-2.9,78.1,30.9,350000,51.15,71.45
2023-12-18,Almaty,-5.5,83.4,29.6,350000,51.15,71.45
2023-12-19,Almaty,2.3,81.2,16.5,350000,51.15,71.45
2023-12-20,Almaty,1.0,82.2,23.8,350000,51.15,71.45
2023-12-21,Almaty,0.6,75.4,23.8,350000,51.15,71.45
2023-12-22,Almaty,5.1,78.5,13.9,350000,51.15,71.45
2023-12-23,Almaty,1.7,71.8,23.0,350000,51.15,71.45
2023-12-24,Almaty,3.8,80.1,30.9,350000,51.15,71.45
2023-12-25,Almaty,3.0,79.7,22.3,350000,51.15,71.45
2023-12-26,Almaty,-0.6,79.5,15.6,350000,51.15,71.45
2023-12-27,Almaty,1.7,77.1,20.5,350000,51.15,71.45
2023-12-28,Almaty,5.7,77.2,17.0,350000,51.15,71.45
2023-12-29,Almaty,3.7,85.7,23.2,350000,51.15,71.45
2023-12-30,Almaty,4.3,81.2,26.6,350000,51.15,71.45
2023-12-31,Almaty,5.8,78.1,24.3,350000,51.15,71.45
2023-01-01,Saryarka,2.1,84.8,21.8,280000,51.2,71.4
2023-01-02,Saryarka,6.9,77.5,30.2,280000,51.2,71.4
2023-01-03,Saryarka,3.2,78.8,16.2,280000,51.2,71.4
2023-01-04,Saryarka,7.3,75.5,20.1,280000,51.2,71.4
2023-01-05,Saryarka,9.9,85.3,17.9,280000,51.2,71.4
2023-01-06,Saryarka,6.8,77.5,26.4,280000,51.2,71.4
2023-01-07,Saryarka,10.6,74.2,27.3,280000,51.2,71.4
2023-01-08,Saryarka,10.9,74.0,31.4,280000,51.2,71.4
2023-01-09,Saryarka,10.3,74.3,22.6,280000,51.2,71.4
2023-01-10,Saryarka,11.2,89.0,25.1,280000,51.2,71.4
2023-01-11,Saryarka,13.5,89.3,27.5,280000,51.2,71.4
2023-01-12,Saryarka,8.7,78.9,29.1,280000,51.2,71.4
2023-01-13,Saryarka,11.2,82.7,21.4,280000,51.2,71.4
2023-01-14,Saryarka,13.7,75.7,26.4,280000,51.2,71.4
2023-01-15,Saryarka,13.1,76.6,25.4,280000,51.2,71.4
2023-01-16,Saryarka,14.1,78.0,36.4,280000,51.2,71.4
2023-01-17,Saryarka,14.1,73.0,32.1,280000,51.2,71.4
2023-01-18,Saryarka,13.2,91.5,20.5,280000,51.2,71.4
2023-01-19,Saryarka,12.1,78.6,21.5,280000,51.2,71.4
2023-01-20,Saryarka,14.3,80.6,27.0,280000,51.2,71.4
2023-01-21,Saryarka,10.6,76.3,35.6,280000,51.2,71.4
2023-01-22,Saryarka,11.0,87.3,25.5,280000,51.2,71.4
2023-01-23,Saryarka,12.9,83.4,28.1,280000,51.2,71.4
2023-01-24,Saryarka,14.2,73.2,33.1,280000,51.2,71.4
2023-01-25,Saryarka,17.2,70.1,25.8,280000,51.2,71.4
2023-01-26,Saryarka,12.8,83.8,22.0,280000,51.2,71.4
2023-01-27,Saryarka,12.2,80.9,26.6,280000,51.2,71.4
2023-01-28,Saryarka,16.1,77.5,27.5,280000,51.2,71.4
2023-01-29,Saryarka,19.6,83.3,25.7,280000,51.2,71.4
2023-01-30,Saryarka,18.6,82.3,17.5,280000,51.2,71.4
2023-01-31,Saryarka,16.5,70.0,18.6,280000,51.2,71.4
2023-02-01,Saryarka,16.7,85.2,36.7,280000,51.2,71.4
2023-02-02,Saryarka,20.8,74.0,29.1,280000,51.2,71.4
2023-02-03,Saryarka,19.4,77.3,27.4,280000,51.2,71.4
2023-02-04,Saryarka,18.8,78.2,19.5,280000,51.2,71.4
2023-02-05,Saryarka,19.2,76.6,24.5,280000,51.2,71.4
2023-02-06,Saryarka,19.9,80.0,20.4,280000,51.2,71.4
2023-02-07,Saryarka,20.0,75.2,33.0,280000,51.2,71.4
2023-02-08,Saryarka,22.4,80.4,24.4,280000,51.2,71.4
2023-02-09,Saryarka,18.7,80.0,25.2,280000,51.2,71.4
2023-02-10,Saryarka,20.8,70.6,20.9,280000,51.2,71.4
2023-02-11,Saryarka,18.5,75.5,18.0,280000,51.2,71.4
2023-02-12,Saryarka,19.3,80.5,26.3,280000,51.2,71.4
2023-02-13,Saryarka,23.4,77.4,24.1,280000,51.2,71.4
2023-02-14,Saryarka,20.9,71.0,24.4,280000,51.2,71.4
2023-02-15,Saryarka,26.9,77.1,16.5,280000,51.2,71.4
2023-02-16,Saryarka,22.3,70.0,20.8,280000,51.2,71.4
2023-02-17,Saryarka,22.8,66.9,28.9,280000,51.2,71.4
2023-02-18,Saryarka,23.5,75.4,27.9,280000,51.2,71.4
2023-02-19,Saryarka,24.9,81.6,18.2,280000,51.2,71.4
2023-02-20,Saryarka,24.1,69.8,22.0,280000,51.2,71.4
2023-02-21,Saryarka,22.1,82.4,34.9,280000,51.2,71.4
2023-02-22,Saryarka,27.3,59.1,27.3,280000,51.2,71.4
2023-02-23,Saryarka,25.0,74.4,22.1,280000,51.2,71.4
2023-02-24,Saryarka,28.2,67.9,28.3,280000,51.2,71.4
2023-02-25,Saryarka,23.5,68.7,20.7,280000,51.2,71.4
2023-02-26,Saryarka,27.0,74.7,23.9,280000,51.2,71.4
2023-02-27,Saryarka,26.5,72.6,26.5,280000,51.2,71.4
2023-02-28,Saryarka,24.1,72.9,29.9,280000,51.2,71.4
2023-03-01,Saryarka,27.4,70.0,27.0,280000,51.2,71.4
2023-03-02,Saryarka,29.1,74.0,24.9,280000,51.2,71.4
2023-03-03,Saryarka,30.0,73.6,22.1,280000,51.2,71.4
2023-03-04,Saryarka,30.1,69.6,38.2,280000,51.2,71.4
2023-03-05,Saryarka,26.5,66.3,31.1,280000,51.2,71.4
2023-03-06,Saryarka,29.9,80.5,20.6,280000,51.2,71.4
2023-03-07,Saryarka,28.1,70.1,20.5,280000,51.2,71.4
2023-03-08,Saryarka,28.2,68.8,16.7,280000,51.2,71.4
2023-03-09,Saryarka,29.1,69.6,23.3,280000,51.2,71.4
2023-03-10,Saryarka,30.9,67.8,30.3,280000,51.2,71.4
2023-03-11,Saryarka,30.7,65.9,25.1,280000,51.2,71.4
2023-03-12,Saryarka,28.3,68.8,25.9,280000,51.2,71.4
2023-03-13,Saryarka,31.8,66.3,27.0,280000,51.2,71.4
2023-03-14,Saryarka,30.6,60.8,20.8,280000,51.2,71.4
2023-03-15,Saryarka,28.7,69.9,28.9,280000,51.2,71.4
2023-03-16,Saryarka,32.0,66.4,27.5,280000,51.2,71.4
2023-03-17,Saryarka,32.7,57.1,24.3,280000,51.2,71.4
2023-03-18,Saryarka,30.1,56.8,19.3,280000,51.2,71.4
2023-03-19,Saryarka,29.0,59.3,28.8,280000,51.2,71.4
2023-03-20,Saryarka,27.8,64.3,25.6,280000,51.2,71.4
2023-03-21,Saryarka,26.7,63.5,18.0,280000,51.2,71.4
2023-03-22,Saryarka,30.9,63.0,25.2,280000,51.2,71.4
2023-03-23,Saryarka,28.0,64.3,16.9,280000,51.2,71.4
2023-03-24,Saryarka,32.6,64.9,23.6,280000,51.2,71.4
2023-03-25,Saryarka,29.9,67.9,26.2,280000,51.2,71.4
2023-03-26,Saryarka,36.6,64.6,14.9,280000,51.2,71.4
2023-03-27,Saryarka,28.5,64.1,26.0,280000,51.2,71.4
2023-03-28,Saryarka,32.6,68.6,24.1,280000,51.2,71.4
2023-03-29,Saryarka,31.4,64.8,20.1,280000,51.2,71.4
2023-03-30,Saryarka,30.9,60.1,17.3,280000,51.2,71.4
2023-03-31,Saryarka,28.0,69.2,21.4,280000,51.2,71.4
2023-04-01,Saryarka,30.5,54.6,14.7,280000,51.2,71.4
2023-04-02,Saryarka,28.5,58.4,22.7,280000,51.2,71.4
2023-04-03,Saryarka,32.1,59.7,19.9,280000,51.2,71.4
2023-04-04,Saryarka,30.6,48.4,21.7,280000,51.2,71.4
2023-04-05,Saryarka,30.8,60.0,28.0,280000,51.2,71.4
2023-04-06,Saryarka,29.6,60.3,35.6,280000,51.2,71.4
2023-04-07,Saryarka,29.4,57.4,17.4,280000,51.2,71.4
2023-04-08,Saryarka,31.9,57.1,39.7,280000,51.2,71.4
2023-04-09,Saryarka,30.8,51.5,26.0,280000,51.2,71.4
2023-04-10,Saryarka,31.2,52.6,30.9,280000,51.2,71.4
2023-04-11,Saryarka,30.9,60.3,23.9,280000,51.2,71.4
2023-04-12,Saryarka,34.6,52.7,29.5,280000,51.2,71.4
2023-04-13,Saryarka,30.0,52.7,29.3,280000,51.2,71.4
2023-04-14,Saryarka,29.2,54.0,27.1,280000,51.2,71.4
2023-04-15,Saryarka,25.5,55.5,23.1,280000,51.2,71.4
2023-04-16,Saryarka,29.6,57.6,26.4,280000,51.2,71.4
2023-04-17,Saryarka,30.1,52.6,19.7,280000,51.2,71.4
2023-04-18,Saryarka,33.0,53.9,27.7,280000,51.2,71.4
2023-04-19,Saryarka,28.7,58.8,30.3,280000,51.2,71.4
2023-04-20,Saryarka,27.3,55.7,17.1,280000,51.2,71.4
2023-04-21,Saryarka,30.4,47.4,7.5,280000,51.2,71.4
2023-04-22,Saryarka,27.1,61.7,28.8,280000,51.2,71.4
2023-04-23,Saryarka,27.7,52.7,30.3,280000,51.2,71.4
2023-04-24,Saryarka,31.6,51.9,20.7,280000,51.2,71.4
2023-04-25,Saryarka,28.3,49.7,31.9,280000,51.2,71.4
2023-04-26,Saryarka,27.4,50.7,24.9,280000,51.2,71.4
2023-04-27,Saryarka,29.0,48.2,18.2,280000,51.2,71.4
2023-04-28,Saryarka,30.5,52.1,29.9,280000,51.2,71.4
2023-04-29,Saryarka,30.2,53.0,33.7,280000,51.2,71.4
2023-04-30,Saryarka,29.4,49.5,31.3,280000,51.2,71.4
2023-05-01,Saryarka,27.2,47.1,27.0,280000,51.2,71.4
2023-05-02,Saryarka,27.3,57.9,17.4,280000,51.2,71.4
2023-05-03,Saryarka,27.7,44.3,32.0,280000,51.2,71.4
2023-05-04,Saryarka,27.1,45.7,20.1,280000,51.2,71.4
2023-05-05,Saryarka,24.3,44.3,35.7,280000,51.2,71.4
2023-05-06,Saryarka,26.7,36.5,23.6,280000,51.2,71.4
2023-05-07,Saryarka,29.3,43.8,20.8,280000,51.2,71.4
2023-05-08,Saryarka,28.7,50.0,29.2,280000,51.2,71.4
2023-05-09,Saryarka,25.2,49.9,31.3,280000,51.2,71.4
2023-05-10,Saryarka,27.8,49.4,23.5,280000,51.2,71.4
2023-05-11,Saryarka,27.6,50.8,19.4,280000,51.2,71.4
2023-05-12,Saryarka,25.7,52.4,33.0,280000,51.2,71.4
2023-05-13,Saryarka,27.0,44.2,37.1,280000,51.2,71.4
2023-05-14,Saryarka,24.0,44.2,28.9,280000,51.2,71.4
2023-05-15,Saryarka,25.3,45.2,21.4,280000,51.2,71.4
2023-05-16,Saryarka,24.5,41.7,24.7,280000,51.2,71.4
2023-05-17,Saryarka,23.2,48.3,27.7,280000,51.2,71.4
2023-05-18,Saryarka,24.3,48.3,21.7,280000,51.2,71.4
2023-05-19,Saryarka,22.6,62.6,21.7,280000,51.2,71.4
2023-05-20,Saryarka,25.3,44.7,20.7,280000,51.2,71.4
2023-05-21,Saryarka,22.8,50.8,26.1,280000,51.2,71.4
2023-05-22,Saryarka,22.3,42.4,23.9,280000,51.2,71.4
2023-05-23,Saryarka,22.8,41.0,33.2,280000,51.2,71.4
2023-05-24,Saryarka,22.9,46.2,30.1,280000,51.2,71.4
2023-05-25,Saryarka,23.1,47.0,25.7,280000,51.2,71.4
2023-05-26,Saryarka,21.6,44.0,27.4,280000,51.2,71.4
2023-05-27,Saryarka,23.5,38.9,22.1,280000,51.2,71.4
2023-05-28,Saryarka,18.4,41.9,23.1,280000,51.2,71.4
2023-05-29,Saryarka,15.4,31.9,32.7,280000,51.2,71.4
2023-05-30,Saryarka,18.0,39.0,28.5,280000,51.2,71.4
2023-05-31,Saryarka,18.8,40.1,19.7,280000,51.2,71.4
2023-06-01,Saryarka,21.9,41.6,27.6,280000,51.2,71.4
2023-06-02,Saryarka,19.1,38.3,12.3,280000,51.2,71.4
2023-06-03,Saryarka,16.0,37.0,34.8,280000,51.2,71.4
2023-06-04,Saryarka,18.2,37.9,32.3,280000,51.2,71.4
2023-06-05,Saryarka,16.6,42.1,36.1,280000,51.2,71.4
2023-06-06,Saryarka,17.1,40.6,23.9,280000,51.2,71.4
2023-06-07,Saryarka,14.8,42.5,24.6,280000,51.2,71.4
2023-06-08,Saryarka,11.8,41.9,21.3,280000,51.2,71.4
2023-06-09,Saryarka,13.3,40.8,20.6,280000,51.2,71.4
2023-06-10,Saryarka,18.2,44.2,22.0,280000,51.2,71.4
2023-06-11,Saryarka,11.5,45.4,29.4,280000,51.2,71.4
2023-06-12,Saryarka,16.0,40.2,20.4,280000,51.2,71.4
2023-06-13,Saryarka,9.9,42.0,24.0,280000,51.2,71.4
2023-06-14,Saryarka,12.3,38.8,34.1,280000,51.2,71.4
2023-06-15,Saryarka,11.7,39.0,27.8,280000,51.2,71.4
2023-06-16,Saryarka,11.6,41.5,32.4,280000,51.2,71.4
2023-06-17,Saryarka,15.1,42.6,28.4,280000,51.2,71.4
2023-06-18,Saryarka,13.2,38.0,30.9,280000,51.2,71.4
2023-06-19,Saryarka,8.1,44.1,22.0,280000,51.2,71.4
2023-06-20,Saryarka,12.4,46.5,15.4,280000,51.2,71.4
2023-06-21,Saryarka,10.0,37.6,31.3,280000,51.2,71.4
2023-06-22,Saryarka,10.5,44.7,17.8,280000,51.2,71.4
2023-06-23,Saryarka,10.1,47.4,20.7,280000,51.2,71.4
2023-06-24,Saryarka,10.1,35.8,22.9,280000,51.2,71.4
2023-06-25,Saryarka,9.5,42.1,29.8,280000,51.2,71.4
2023-06-26,Saryarka,10.3,43.2,23.3,280000,51.2,71.4
2023-06-27,Saryarka,7.8,43.0,27.0,280000,51.2,71.4
2023-06-28,Saryarka,7.2,42.3,14.5,280000,51.2,71.4
2023-06-29,Saryarka,6.0,38.5,26.6,280000,51.2,71.4
2023-06-30,Saryarka,9.3,42.7,24.9,280000,51.2,71.4
2023-07-01,Saryarka,3.8,47.0,33.1,280000,51.2,71.4
2023-07-02,Saryarka,7.0,51.1,18.6,280000,51.2,71.4
2023-07-03,Saryarka,2.7,43.0,26.8,280000,51.2,71.4
2023-07-04,Saryarka,5.3,39.2,31.5,280000,51.2,71.4
2023-07-05,Saryarka,5.7,41.1,30.1,280000,51.2,71.4
2023-07-06,Saryarka,4.7,36.5,21.4,280000,51.2,71.4
2023-07-07,Saryarka,4.4,47.6,28.1,280000,51.2,71.4
2023-07-08,Saryarka,4.4,42.9,26.6,280000,51.2,71.4
2023-07-09,Saryarka,1.4,46.5,12.9,280000,51.2,71.4
2023-07-10,Saryarka,1.5,31.6,25.9,280000,51.2,71.4
2023-07-11,Saryarka,2.1,39.0,23.8,280000,51.2,71.4
2023-07-12,Saryarka,1.8,45.9,28.1,280000,51.2,71.4
2023-07-13,Saryarka,0.6,35.6,26.1,280000,51.2,71.4
2023-07-14,Saryarka,3.7,38.6,25.1,280000,51.2,71.4
2023-07-15,Saryarka,0.1,41.2,26.3,280000,51.2,71.4
2023-07-16,Saryarka,-0.8,36.0,14.3,280000,51.2,71.4
2023-07-17,Saryarka,-2.5,43.0,17.9,280000,51.2,71.4
2023-07-18,Saryarka,3.4,41.7,24.9,280000,51.2,71.4
2023-07-19,Saryarka,2.9,32.9,24.3,280000,51.2,71.4
2023-07-20,Saryarka,-2.6,39.4,28.1,280000,51.2,71.4
2023-07-21,Saryarka,-0.8,33.1,28.0,280000,51.2,71.4
2023-07-22,Saryarka,-4.6,52.6,31.1,280000,51.2,71.4
2023-07-23,Saryarka,-5.0,33.6,22.8,280000,51.2,71.4
2023-07-24,Saryarka,-0.6,38.3,22.4,280000,51.2,71.4
2023-07-25,Saryarka,-5.4,34.3,12.0,280000,51.2,71.4
2023-07-26,Saryarka,-4.9,39.9,17.6,280000,51.2,71.4
2023-07-27,Saryarka,-5.7,43.6,27.0,280000,51.2,71.4
2023-07-28,Saryarka,-8.4,44.5,18.0,280000,51.2,71.4
2023-07-29,Saryarka,-3.4,50.3,22.1,280000,51.2,71.4
2023-07-30,Saryarka,-2.7,48.5,20.5,280000,51.2,71.4
2023-07-31,Saryarka,-4.6,38.0,26.6,280000,51.2,71.4
2023-08-01,Saryarka,-5.2,47.3,21.2,280000,51.2,71.4
2023-08-02,Saryarka,-7.4,42.2,29.1,280000,51.2,71.4
2023-08-03,Saryarka,-10.1,38.2,28.5,280000,51.2,71.4
2023-08-04,Saryarka,-3.0,47.8,17.0,280000,51.2,71.4
2023-08-05,Saryarka,-7.3,48.4,20.6,280000,51.2,71.4
2023-08-06,Saryarka,-4.5,33.4,34.9,280000,51.2,71.4
2023-08-07,Saryarka,-11.3,41.4,27.1,280000,51.2,71.4
2023-08-08,Saryarka,-8.3,41.8,23.8,280000,51.2,71.4
2023-08-09,Saryarka,-7.5,41.6,31.6,280000,51.2,71.4
2023-08-10,Saryarka,-9.0,33.4,22.5,280000,51.2,71.4
2023-08-11,Saryarka,-8.5,49.0,20.6,280000,51.2,71.4
2023-08-12,Saryarka,-8.7,36.0,25.2,280000,51.2,71.4
2023-08-13,Saryarka,-8.4,40.8,27.3,280000,51.2,71.4
2023-08-14,Saryarka,-11.7,41.4,29.1,280000,51.2,71.4
2023-08-15,Saryarka,-9.0,45.4,26.5,280000,51.2,71.4
2023-08-16,Saryarka,-12.5,41.2,30.3,280000,51.2,71.4
2023-08-17,Saryarka,-15.5,38.1,23.8,280000,51.2,71.4
2023-08-18,Saryarka,-10.3,41.0,18.4,280000,51.2,71.4
2023-08-19,Saryarka,-13.8,46.4,20.1,280000,51.2,71.4
2023-08-20,Saryarka,-15.2,47.6,14.0,280000,51.2,71.4
2023-08-21,Saryarka,-14.4,38.4,26.5,280000,51.2,71.4
2023-08-22,Saryarka,-8.5,44.1,22.0,280000,51.2,71.4
2023-08-23,Saryarka,-14.7,46.7,20.6,280000,51.2,71.4
2023-08-24,Saryarka,-14.7,46.2,22.3,280000,51.2,71.4
2023-08-25,Saryarka,-13.9,43.0,21.7,280000,51.2,71.4
2023-08-26,Saryarka,-13.0,48.3,25.2,280000,51.2,71.4
2023-08-27,Saryarka,-13.3,43.3,22.2,280000,51.2,71.4
2023-08-28,Saryarka,-13.0,44.6,23.2,280000,51.2,71.4
2023-08-29,Saryarka,-14.4,47.6,22.8,280000,51.2,71.4
2023-08-30,Saryarka,-19.1,50.4,24.7,280000,51.2,71.4
2023-08-31,Saryarka,-19.4,50.5,27.0,280000,51.2,71.4
2023-09-01,Saryarka,-14.8,52.7,19.0,280000,51.2,71.4
2023-09-02,Saryarka,-13.9,52.9,13.0,280000,51.2,71.4
2023-09-03,Saryarka,-18.9,50.2,25.6,280000,51.2,71.4
2023-09-04,Saryarka,-12.1,60.2,11.0,280000,51.2,71.4
2023-09-05,Saryarka,-14.5,54.9,25.1,280000,51.2,71.4
2023-09-06,Saryarka,-17.9,52.9,16.9,280000,51.2,71.4
2023-09-07,Saryarka,-18.3,49.9,26.7,280000,51.2,71.4
2023-09-08,Saryarka,-16.7,44.3,22.7,280000,51.2,71.4
2023-09-09,Saryarka,-16.0,44.8,28.0,280000,51.2,71.4
2023-09-10,Saryarka,-19.6,56.1,21.1,280000,51.2,71.4
2023-09-11,Saryarka,-18.4,59.8,19.2,280000,51.2,71.4
2023-09-12,Saryarka,-19.9,56.1,25.9,280000,51.2,71.4
2023-09-13,Saryarka,-17.0,59.2,23.7,280000,51.2,71.4
2023-09-14,Saryarka,-18.6,58.0,31.4,280000,51.2,71.4
2023-09-15,Saryarka,-15.3,51.4,28.7,280000,51.2,71.4
2023-09-16,Saryarka,-20.3,52.4,25.0,280000,51.2,71.4
2023-09-17,Saryarka,-18.4,61.4,17.1,280000,51.2,71.4
2023-09-18,Saryarka,-18.0,54.4,32.4,280000,51.2,71.4
2023-09-19,Saryarka,-21.2,57.1,18.1,280000,51.2,71.4
2023-09-20,Saryarka,-19.6,58.5,31.4,280000,51.2,71.4
2023-09-21,Saryarka,-17.6,64.7,16.1,280000,51.2,71.4
2023-09-22,Saryarka,-19.1,57.1,29.5,280000,51.2,71.4
2023-09-23,Saryarka,-16.4,57.6,33.4,280000,51.2,71.4
2023-09-24,Saryarka,-18.5,59.6,31.6,280000,51.2,71.4
2023-09-25,Saryarka,-18.6,59.8,13.4,280000,51.2,71.4
2023-09-26,Saryarka,-23.5,54.4,25.1,280000,51.2,71.4
2023-09-27,Saryarka,-20.7,54.4,28.6,280000,51.2,71.4
2023-09-28,Saryarka,-19.5,59.5,30.9,280000,51.2,71.4
2023-09-29,Saryarka,-17.3,67.3,31.1,280000,51.2,71.4
2023-09-30,Saryarka,-19.5,63.7,27.6,280000,51.2,71.4
2023-10-01,Saryarka,-17.0,66.1,26.4,280000,51.2,71.4
2023-10-02,Saryarka,-22.8,65.5,26.4,280000,51.2,71.4
2023-10-03,Saryarka,-18.1,61.7,27.4,280000,51.2,71.4
2023-10-04,Saryarka,-18.7,62.7,23.1,280000,51.2,71.4
2023-10-05,Saryarka,-20.6,55.8,29.9,280000,51.2,71.4
2023-10-06,Saryarka,-14.3,62.2,17.4,280000,51.2,71.4
2023-10-07,Saryarka,-18.1,56.7,14.3,280000,51.2,71.4
2023-10-08,Saryarka,-16.2,68.5,28.0,280000,51.2,71.4
2023-10-09,Saryarka,-17.6,62.4,23.2,280000,51.2,71.4
2023-10-10,Saryarka,-20.8,61.4,28.9,280000,51.2,71.4
2023-10-11,Saryarka,-18.6,61.0,21.6,280000,51.2,71.4
2023-10-12,Saryarka,-17.6,68.3,22.8,280000,51.2,71.4
2023-10-13,Saryarka,-15.7,68.9,29.9,280000,51.2,71.4
2023-10-14,Saryarka,-18.4,62.6,25.4,280000,51.2,71.4
2023-10-15,Saryarka,-21.4,68.3,18.5,280000,51.2,71.4
2023-10-16,Saryarka,-14.1,65.9,24.0,280000,51.2,71.4
2023-10-17,Saryarka,-19.1,66.6,16.5,280000,51.2,71.4
2023-10-18,Saryarka,-16.4,57.6,29.6,280000,51.2,71.4
2023-10-19,Saryarka,-17.6,70.6,26.8,280000,51.2,71.4
2023-10-20,Saryarka,-18.4,61.0,25.9,280000,51.2,71.4
2023-10-21,Saryarka,-19.1,64.5,14.2,280000,51.2,71.4
2023-10-22,Saryarka,-15.2,66.8,28.0,280000,51.2,71.4
2023-10-23,Saryarka,-15.0,72.2,32.4,280000,51.2,71.4
2023-10-24,Saryarka,-17.0,65.5,23.9,280000,51.2,71.4
2023-10-25,Saryarka,-19.5,68.7,28.3,280000,51.2,71.4
2023-10-26,Saryarka,-14.6,64.4,20.9,280000,51.2,71.4
2023-10-27,Saryarka,-19.4,69.9,21.9,280000,51.2,71.4
2023-10-28,Saryarka,-17.7,65.2,24.9,280000,51.2,71.4
2023-10-29,Saryarka,-17.0,60.1,20.6,280000,51.2,71.4
2023-10-30,Saryarka,-17.8,68.0,34.5,280000,51.2,71.4
2023-10-31,Saryarka,-15.3,73.6,34.1,280000,51.2,71.4
2023-11-01,Saryarka,-10.8,72.2,26.6,280000,51.2,71.4
2023-11-02,Saryarka,-14.5,78.1,38.1,280000,51.2,71.4
2023-11-03,Saryarka,-12.0,74.9,27.4,280000,51.2,71.4
2023-11-04,Saryarka,-14.3,73.2,24.3,280000,51.2,71.4
2023-11-05,Saryarka,-10.8,70.3,27.9,280000,51.2,71.4
2023-11-06,Saryarka,-16.1,76.7,22.7,280000,51.2,71.4
2023-11-07,Saryarka,-14.8,67.1,23.8,280000,51.2,71.4
2023-11-08,Saryarka,-12.0,68.5,26.4,280000,51.2,71.4
2023-11-09,Saryarka,-12.4,71.1,17.5,280000,51.2,71.4
2023-11-10,Saryarka,-12.5,76.2,20.0,280000,51.2,71.4
2023-11-11,Saryarka,-11.4,67.7,20.2,280000,51.2,71.4
2023-11-12,Saryarka,-15.8,61.2,26.1,280000,51.2,71.4
2023-11-13,Saryarka,-12.9,74.3,18.2,280000,51.2,71.4
2023-11-14,Saryarka,-12.3,64.9,22.2,280000,51.2,71.4
2023-11-15,Saryarka,-11.9,72.2,28.5,280000,51.2,71.4
2023-11-16,Saryarka,-12.1,74.4,29.1,280000,51.2,71.4
2023-11-17,Saryarka,-12.8,79.3,25.3,280000,51.2,71.4
2023-11-18,Saryarka,-13.4,70.2,20.0,280000,51.2,71.4
2023-11-19,Saryarka,-11.1,74.6,25.0,280000,51.2,71.4
2023-11-20,Saryarka,-12.4,69.3,29.6,280000,51.2,71.4
2023-11-21,Saryarka,-11.8,75.5,31.3,280000,51.2,71.4
2023-11-22,Saryarka,-8.2,75.9,27.3,280000,51.2,71.4
2023-11-23,Saryarka,-8.7,74.0,20.4,280000,51.2,71.4
2023-11-24,Saryarka,-11.1,75.5,30.3,280000,51.2,71.4
2023-11-25,Saryarka,-11.1,76.2,18.4,280000,51.2,71.4
2023-11-26,Saryarka,-10.6,73.3,23.8,280000,51.2,71.4
2023-11-27,Saryarka,-6.9,60.7,16.7,280000,51.2,71.4
2023-11-28,Saryarka,-4.4,83.5,26.2,280000,51.2,71.4
2023-11-29,Saryarka,-5.9,76.4,22.6,280000,51.2,71.4
2023-11-30,Saryarka,-5.9,80.1,16.8,280000,51.2,71.4
2023-12-01,Saryarka,-3.8,80.3,24.5,280000,51.2,71.4
2023-12-02,Saryarka,-5.2,78.7,30.9,280000,51.2,71.4
2023-12-03,Saryarka,-3.5,75.1,30.8,280000,51.2,71.4
2023-12-04,Saryarka,-1.7,76.0,33.0,280000,51.2,71.4
2023-12-05,Saryarka,-1.6,85.3,31.0,280000,51.2,71.4
2023-12-06,Saryarka,-5.1,84.9,17.8,280000,51.2,71.4
2023-12-07,Saryarka,-5.1,81.2,34.5,280000,51.2,71.4
2023-12-08,Saryarka,-4.2,72.2,39.8,280000,51.2,71.4
2023-12-09,Saryarka,-4.0,87.6,35.2,280000,51.2,71.4
2023-12-10,Saryarka,-4.0,72.0,31.0,280000,51.2,71.4
2023-12-11,Saryarka,-1.9,78.8,13.0,280000,51.2,71.4
2023-12-12,Saryarka,-3.6,71.5,30.3,280000,51.2,71.4
2023-12-13,Saryarka,-2.4,83.2,24.2,280000,51.2,71.4
2023-12-14,Saryarka,0.6,81.8,20.3,280000,51.2,71.4
2023-12-15,Saryarka,0.2,79.4,29.7,280000,51.2,71.4
2023-12-16,Saryarka,0.4,81.4,25.9,280000,51.2,71.4
2023-12-17,Saryarka,-1.5,84.9,33.0,280000,51.2,71.4
2023-12-18,Saryarka,-0.7,75.1,32.3,280000,51.2,71.4
2023-12-19,Saryarka,-1.0,86.0,32.7,280000,51.2,71.4
2023-12-20,Saryarka,-2.7,88.0,11.2,280000,51.2,71.4
2023-12-21,Saryarka,-0.1,79.3,29.3,280000,51.2,71.4
2023-12-22,Saryarka,-3.2,74.2,20.7,280000,51.2,71.4
2023-12-23,Saryarka,0.9,83.0,32.1,280000,51.2,71.4
2023-12-24,Saryarka,1.1,87.1,18.6,280000,51.2,71.4
2023-12-25,Saryarka,3.1,78.6,20.3,280000,51.2,71.4
2023-12-26,Saryarka,5.5,88.1,19.9,280000,51.2,71.4
2023-12-27,Saryarka,1.1,86.7,35.5,280000,51.2,71.4
2023-12-28,Saryarka,4.3,75.0,28.8,280000,51.2,71.4
2023-12-29,Saryarka,1.5,84.5,16.2,280000,51.2,71.4
2023-12-30,Saryarka,1.3,84.1,11.2,280000,51.2,71.4
2023-12-31,Saryarka,1.2,69.8,24.7,280000,51.2,71.4
2023-01-01,Yesil,4.0,76.4,24.6,320000,51.18,71.35
2023-01-02,Yesil,2.4,71.2,14.5,320000,51.18,71.35
2023-01-03,Yesil,5.8,88.7,14.7,320000,51.18,71.35
2023-01-04,Yesil,5.6,83.1,16.9,320000,51.18,71.35
2023-01-05,Yesil,5.0,82.6,14.4,320000,51.18,71.35
2023-01-06,Yesil,3.7,71.4,14.7,320000,51.18,71.35
2023-01-07,Yesil,4.2,73.5,20.4,320000,51.18,71.35
2023-01-08,Yesil,4.9,75.5,13.2,320000,51.18,71.35
2023-01-09,Yesil,6.1,79.9,10.1,320000,51.18,71.35
2023-01-10,Yesil,8.9,76.1,15.8,320000,51.18,71.35
2023-01-11,Yesil,7.1,85.7,15.8,320000,51.18,71.35
2023-01-12,Yesil,8.1,74.3,8.6,320000,51.18,71.35
2023-01-13,Yesil,11.7,87.2,18.5,320000,51.18,71.35
2023-01-14,Yesil,9.0,77.2,13.9,320000,51.18,71.35
2023-01-15,Yesil,11.2,87.9,16.0,320000,51.18,71.35
2023-01-16,Yesil,11.7,89.0,16.1,320000,51.18,71.35
2023-01-17,Yesil,10.4,74.5,14.7,320000,51.18,71.35
2023-01-18,Yesil,9.4,87.9,8.1,320000,51.18,71.35
2023-01-19,Yesil,10.8,82.2,16.6,320000,51.18,71.35
2023-01-20,Yesil,12.8,73.3,14.9,320000,51.18,71.35
2023-01-21,Yesil,10.2,78.9,18.2,320000,51.18,71.35
2023-01-22,Yesil,13.2,77.6,15.2,320000,51.18,71.35
2023-01-23,Yesil,11.8,76.0,15.4,320000,51.18,71.35
2023-01-24,Yesil,13.5,81.3,15.4,320000,51.18,71.35
2023-01-25,Yesil,13.8,68.2,17.3,320000,51.18,71.35
2023-01-26,Yesil,14.4,64.9,9.7,320000,51.18,71.35
2023-01-27,Yesil,13.3,71.7,20.2,320000,51.18,71.35
2023-01-28,Yesil,16.4,83.2,14.1,320000,51.18,71.35
2023-01-29,Yesil,17.6,72.8,12.7,320000,51.18,71.35
2023-01-30,Yesil,15.0,78.0,8.8,320000,51.18,71.35
2023-01-31,Yesil,15.8,88.3,12.0,320000,51.18,71.35
2023-02-01,Yesil,16.3,81.8,10.0,320000,51.18,71.35
2023-02-02,Yesil,17.0,77.8,13.9,320000,51.18,71.35
2023-02-03,Yesil,16.8,79.3,9.3,320000,51.18,71.35
2023-02-04,Yesil,20.1,74.7,11.5,320000,51.18,71.35
2023-02-05,Yesil,18.8,77.4,12.8,320000,51.18,71.35
2023-02-06,Yesil,19.2,77.9,12.7,320000,51.18,71.35
2023-02-07,Yesil,18.8,78.1,9.9,320000,51.18,71.35
2023-02-08,Yesil,16.1,76.4,10.6,320000,51.18,71.35
2023-02-09,Yesil,18.4,83.6,13.7,320000,51.18,71.35
2023-02-10,Yesil,23.8,73.4,8.9,320000,51.18,71.35
2023-02-11,Yesil,21.6,65.7,12.2,320000,51.18,71.35
2023-02-12,Yesil,18.2,74.9,16.6,320000,51.18,71.35
2023-02-13,Yesil,21.7,79.9,19.1,320000,51.18,71.35
2023-02-14,Yesil,20.5,74.4,12.2,320000,51.18,71.35
2023-02-15,Yesil,20.3,75.2,23.0,320000,51.18,71.35
2023-02-16,Yesil,22.1,74.6,12.5,320000,51.18,71.35
2023-02-17,Yesil,19.8,74.9,15.3,320000,51.18,71.35
2023-02-18,Yesil,24.3,72.2,9.3,320000,51.18,71.35
2023-02-19,Yesil,23.1,63.8,18.8,320000,51.18,71.35
2023-02-20,Yesil,23.3,66.1,14.5,320000,51.18,71.35
2023-02-21,Yesil,25.1,66.1,16.6,320000,51.18,71.35
2023-02-22,Yesil,24.5,74.2,13.6,320000,51.18,71.35
2023-02-23,Yesil,23.3,71.9,21.1,320000,51.18,71.35
2023-02-24,Yesil,25.3,64.4,19.6,320000,51.18,71.35
2023-02-25,Yesil,24.7,77.5,20.0,320000,51.18,71.35
2023-02-26,Yesil,24.7,74.2,9.0,320000,51.18,71.35
2023-02-27,Yesil,25.3,74.8,16.1,320000,51.18,71.35
2023-02-28,Yesil,26.8,75.6,14.0,320000,51.18,71.35
2023-03-01,Yesil,23.4,68.2,14.5,320000,51.18,71.35
2023-03-02,Yesil,26.3,70.8,11.2,320000,51.18,71.35
2023-03-03,Yesil,26.4,74.8,14.5,320000,51.18,71.35
2023-03-04,Yesil,25.0,70.6,14.5,320000,51.18,71.35
2023-03-05,Yesil,26.9,63.7,15.9,320000,51.18,71.35
2023-03-06,Yesil,25.8,63.4,17.1,320000,51.18,71.35
2023-03-07,Yesil,24.2,70.1,15.7,320000,51.18,71.35
2023-03-08,Yesil,26.0,68.1,9.5,320000,51.18,71.35
2023-03-09,Yesil,26.4,66.5,13.0,320000,51.18,71.35
2023-03-10,Yesil,24.5,68.5,22.8,320000,51.18,71.35
2023-03-11,Yesil,27.7,68.5,12.9,320000,51.18,71.35
2023-03-12,Yesil,27.6,69.8,23.3,320000,51.18,71.35
2023-03-13,Yesil,26.8,60.9,16.3,320000,51.18,71.35
2023-03-14,Yesil,27.9,61.3,15.4,320000,51.18,71.35
2023-03-15,Yesil,26.4,69.2,23.3,320000,51.18,71.35
2023-03-16,Yesil,27.0,69.7,23.3,320000,51.18,71.35
2023-03-17,Yesil,26.3,64.2,14.2,320000,51.18,71.35
2023-03-18,Yesil,27.7,64.8,16.1,320000,51.18,71.35
2023-03-19,Yesil,28.4,59.5,23.5,320000,51.18,71.35
2023-03-20,Yesil,28.1,61.2,12.5,320000,51.18,71.35
2023-03-21,Yesil,28.3,66.4,17.9,320000,51.18,71.35
2023-03-22,Yesil,26.9,65.3,12.6,320000,51.18,71.35
2023-03-23,Yesil,30.1,64.3,13.6,320000,51.18,71.35
2023-03-24,Yesil,27.2,63.9,16.7,320000,51.18,71.35
2023-03-25,Yesil,27.1,68.3,17.5,320000,51.18,71.35
2023-03-26,Yesil,31.3,62.9,14.4,320000,51.18,71.35
2023-03-27,Yesil,27.7,67.8,8.8,320000,51.18,71.35
2023-03-28,Yesil,28.9,63.1,17.9,320000,51.18,71.35
2023-03-29,Yesil,28.4,65.3,18.4,320000,51.18,71.35
2023-03-30,Yesil,29.6,59.2,16.6,320000,51.18,71.35
2023-03-31,Yesil,31.1,57.7,10.8,320000,51.18,71.35
2023-04-01,Yesil,28.4,61.0,16.4,320000,51.18,71.35
2023-04-02,Yesil,26.4,64.6,11.4,320000,51.18,71.35
2023-04-03,Yesil,32.6,59.8,16.7,320000,51.18,71.35
2023-04-04,Yesil,28.2,61.1,19.4,320000,51.18,71.35
2023-04-05,Yesil,26.6,53.0,19.8,320000,51.18,71.35
2023-04-06,Yesil,28.1,61.1,17.8,320000,51.18,71.35
2023-04-07,Yesil,29.4,57.4,16.3,320000,51.18,71.35
2023-04-08,Yesil,29.5,67.6,17.6,320000,51.18,71.35
2023-04-09,Yesil,31.2,55.4,13.9,320000,51.18,71.35
2023-04-10,Yesil,27.1,48.1,13.5,320000,51.18,71.35
2023-04-11,Yesil,29.5,52.2,16.2,320000,51.18,71.35
2023-04-12,Yesil,28.4,49.8,10.8,320000,51.18,71.35
2023-04-13,Yesil,29.7,51.9,11.3,320000,51.18,71.35
2023-04-14,Yesil,27.0,54.7,14.0,320000,51.18,71.35
2023-04-15,Yesil,27.9,53.5,15.1,320000,51.18,71.35
2023-04-16,Yesil,28.7,53.4,17.4,320000,51.18,71.35
2023-04-17,Yesil,27.4,51.1,15.6,320000,51.18,71.35
2023-04-18,Yesil,28.4,53.9,13.1,320000,51.18,71.35
2023-04-19,Yesil,29.3,54.0,16.2,320000,51.18,71.35
2023-04-20,Yesil,27.3,55.4,19.0,320000,51.18,71.35
2023-04-21,Yesil,28.7,56.6,17.7,320000,51.18,71.35
2023-04-22,Yesil,26.9,49.6,15.0,320000,51.18,71.35
2023-04-23,Yesil,32.3,53.6,12.9,320000,51.18,71.35
2023-04-24,Yesil,27.3,54.2,16.0,320000,51.18,71.35
2023-04-25,Yesil,25.8,50.7,19.9,320000,51.18,71.35
2023-04-26,Yesil,26.6,52.6,12.5,320000,51.18,71.35
2023-04-27,Yesil,26.4,54.3,21.0,320000,51.18,71.35
2023-04-28,Yesil,26.0,44.2,11.1,320000,51.18,71.35
2023-04-29,Yesil,27.0,57.6,15.2,320000,51.18,71.35
2023-04-30,Yesil,25.0,51.4,13.9,320000,51.18,71.35
2023-05-01,Yesil,26.5,43.0,9.6,320000,51.18,71.35
2023-05-02,Yesil,22.7,51.2,13.4,320000,51.18,71.35
2023-05-03,Yesil,26.2,52.3,17.5,320000,51.18,71.35
2023-05-04,Yesil,25.3,43.8,11.1,320000,51.18,71.35
2023-05-05,Yesil,23.3,52.5,14.3,320000,51.18,71.35
2023-05-06,Yesil,23.5,47.7,20.7,320000,51.18,71.35
2023-05-07,Yesil,23.6,46.3,16.3,320000,51.18,71.35
2023-05-08,Yesil,23.4,43.6,15.1,320000,51.18,71.35
2023-05-09,Yesil,23.6,38.1,13.5,320000,51.18,71.35
2023-05-10,Yesil,21.2,44.1,9.2,320000,51.18,71.35
2023-05-11,Yesil,24.3,45.6,13.2,320000,51.18,71.35
2023-05-12,Yesil,26.8,44.2,14.4,320000,51.18,71.35
2023-05-13,Yesil,23.4,55.3,17.7,320000,51.18,71.35
2023-05-14,Yesil,23.1,49.2,11.5,320000,51.18,71.35
2023-05-15,Yesil,20.4,47.4,12.2,320000,51.18,71.35
2023-05-16,Yesil,23.0,43.5,13.4,320000,51.18,71.35
2023-05-17,Yesil,21.8,39.6,15.4,320000,51.18,71.35
2023-05-18,Yesil,24.3,45.9,14.2,320000,51.18,71.35
2023-05-19,Yesil,20.8,47.2,8.9,320000,51.18,71.35
2023-05-20,Yesil,20.5,39.0,14.0,320000,51.18,71.35
2023-05-21,Yesil,20.3,40.5,16.3,320000,51.18,71.35
2023-05-22,Yesil,20.8,37.2,11.2,320000,51.18,71.35
2023-05-23,Yesil,18.7,43.8,10.4,320000,51.18,71.35
2023-05-24,Yesil,17.6,53.8,16.4,320000,51.18,71.35
2023-05-25,Yesil,18.0,39.1,15.8,320000,51.18,71.35
2023-05-26,Yesil,21.1,51.6,16.5,320000,51.18,71.35
2023-05-27,Yesil,18.6,47.8,11.8,320000,51.18,71.35
2023-05-28,Yesil,17.9,46.4,21.3,320000,51.18,71.35
2023-05-29,Yesil,18.2,49.3,10.6,320000,51.18,71.35
2023-05-30,Yesil,18.0,45.3,15.1,320000,51.18,71.35
2023-05-31,Yesil,19.7,51.4,16.5,320000,51.18,71.35
2023-06-01,Yesil,16.2,50.6,16.5,320000,51.18,71.35
2023-06-02,Yesil,15.4,37.2,11.5,320000,51.18,71.35
2023-06-03,Yesil,16.0,38.0,24.9,320000,51.18,71.35
2023-06-04,Yesil,15.9,37.0,15.8,320000,51.18,71.35
2023-06-05,Yesil,15.9,45.7,18.8,320000,51.18,71.35
2023-06-06,Yesil,14.2,49.5,14.8,320000,51.18,71.35
2023-06-07,Yesil,11.0,45.2,22.2,320000,51.18,71.35
2023-06-08,Yesil,13.4,40.6,11.3,320000,51.18,71.35
2023-06-09,Yesil,15.3,39.6,15.1,320000,51.18,71.35
2023-06-10,Yesil,15.7,49.8,16.0,320000,51.18,71.35
2023-06-11,Yesil,12.0,37.5,15.0,320000,51.18,71.35
2023-06-12,Yesil,14.5,46.2,13.2,320000,51.18,71.35
2023-06-13,Yesil,11.9,51.0,13.6,320000,51.18,71.35
2023-06-14,Yesil,11.6,41.4,13.7,320000,51.18,71.35
2023-06-15,Yesil,12.3,42.1,18.6,320000,51.18,71.35
2023-06-16,Yesil,13.5,47.3,15.3,320000,51.18,71.35
2023-06-17,Yesil,10.6,40.3,9.7,320000,51.18,71.35
2023-06-18,Yesil,12.0,38.6,18.5,320000,51.18,71.35
2023-06-19,Yesil,12.0,40.7,14.6,320000,51.18,71.35
2023-06-20,Yesil,10.3,42.8,17.5,320000,51.18,71.35
2023-06-21,Yesil,9.3,32.4,16.1,320000,51.18,71.35
2023-06-22,Yesil,8.7,32.9,15.3,320000,51.18,71.35
2023-06-23,Yesil,5.1,36.8,12.8,320000,51.18,71.35
2023-06-24,Yesil,7.1,38.7,20.1,320000,51.18,71.35
2023-06-25,Yesil,5.9,37.5,20.4,320000,51.18,71.35
2023-06-26,Yesil,3.2,44.2,18.2,320000,51.18,71.35
2023-06-27,Yesil,5.6,44.6,23.2,320000,51.18,71.35
2023-06-28,Yesil,3.5,38.6,8.2,320000,51.18,71.35
2023-06-29,Yesil,6.0,41.1,19.2,320000,51.18,71.35
2023-06-30,Yesil,5.2,49.1,17.0,320000,51.18,71.35
2023-07-01,Yesil,5.9,34.2,12.7,320000,51.18,71.35
2023-07-02,Yesil,2.1,37.8,12.7,320000,51.18,71.35
2023-07-03,Yesil,4.6,49.2,17.2,320000,51.18,71.35
2023-07-04,Yesil,2.0,36.8,16.1,320000,51.18,71.35
2023-07-05,Yesil,1.3,48.9,19.5,320000,51.18,71.35
2023-07-06,Yesil,1.4,43.3,17.1,320000,51.18,71.35
2023-07-07,Yesil,0.9,40.5,10.2,320000,51.18,71.35
2023-07-08,Yesil,1.7,36.7,16.6,320000,51.18,71.35
2023-07-09,Yesil,1.3,44.0,15.2,320000,51.18,71.35
2023-07-10,Yesil,2.0,32.1,20.6,320000,51.18,71.35
2023-07-11,Yesil,1.2,43.8,16.2,320000,51.18,71.35
2023-07-12,Yesil,0.6,35.3,17.0,320000,51.18,71.35
2023-07-13,Yesil,-2.4,35.2,21.8,320000,51.18,71.35
2023-07-14,Yesil,-3.1,42.3,13.5,320000,51.18,71.35
2023-07-15,Yesil,-2.9,49.8,11.9,320000,51.18,71.35
2023-07-16,Yesil,-3.7,31.5,16.3,320000,51.18,71.35
2023-07-17,Yesil,-1.9,41.5,19.1,320000,51.18,71.35
2023-07-18,Yesil,-5.6,46.3,13.2,320000,51.18,71.35
2023-07-19,Yesil,-3.3,38.4,12.7,320000,51.18,71.35
2023-07-20,Yesil,-2.0,46.0,16.9,320000,51.18,71.35
2023-07-21,Yesil,-4.3,44.3,9.7,320000,51.18,71.35
2023-07-22,Yesil,-4.5,43.1,19.8,320000,51.18,71.35
2023-07-23,Yesil,-4.3,30.0,14.6,320000,51.18,71.35
2023-07-24,Yesil,-2.8,44.5,15.9,320000,51.18,71.35
2023-07-25,Yesil,-6.6,37.9,12.7,320000,51.18,71.35
2023-07-26,Yesil,-5.7,37.2,15.5,320000,51.18,71.35
2023-07-27,Yesil,-6.5,36.2,11.7,320000,51.18,71.35
2023-07-28,Yesil,-6.8,44.7,18.0,320000,51.18,71.35
2023-07-29,Yesil,-6.5,45.9,18.6,320000,51.18,71.35
2023-07-30,Yesil,-6.0,46.9,26.6,320000,51.18,71.35
2023-07-31,Yesil,-7.7,39.1,12.0,320000,51.18,71.35
2023-08-01,Yesil,-11.4,36.5,13.3,320000,51.18,71.35
2023-08-02,Yesil,-7.7,32.0,9.0,320000,51.18,71.35
2023-08-03,Yesil,-7.3,46.6,11.3,320000,51.18,71.35
2023-08-04,Yesil,-11.7,42.5,15.1,320000,51.18,71.35
2023-08-05,Yesil,-9.7,41.5,16.9,320000,51.18,71.35
2023-08-06,Yesil,-9.9,40.0,16.2,320000,51.18,71.35
2023-08-07,Yesil,-8.2,49.4,17.4,320000,51.18,71.35
2023-08-08,Yesil,-8.7,39.1,7.6,320000,51.18,71.35
2023-08-09,Yesil,-11.2,33.9,6.7,320000,51.18,71.35
2023-08-10,Yesil,-13.6,57.4,19.1,320000,51.18,71.35
2023-08-11,Yesil,-12.8,38.1,12.8,320000,51.18,71.35
2023-08-12,Yesil,-11.9,54.9,15.0,320000,51.18,71.35
2023-08-13,Yesil,-12.4,56.4,8.8,320000,51.18,71.35
2023-08-14,Yesil,-10.9,61.0,17.0,320000,51.18,71.35
2023-08-15,Yesil,-11.9,42.4,13.8,320000,51.18,71.35
2023-08-16,Yesil,-11.0,34.4,15.6,320000,51.18,71.35
2023-08-17,Yesil,-13.6,49.0,11.2,320000,51.18,71.35
2023-08-18,Yesil,-13.5,48.8,18.4,320000,51.18,71.35
2023-08-19,Yesil,-13.7,48.3,14.6,320000,51.18,71.35
2023-08-20,Yesil,-15.5,49.7,15.0,320000,51.18,71.35
2023-08-21,Yesil,-11.2,46.2,13.1,320000,51.18,71.35
2023-08-22,Yesil,-15.4,50.4,16.9,320000,51.18,71.35
2023-08-23,Yesil,-16.7,46.0,17.8,320000,51.18,71.35
2023-08-24,Yesil,-17.9,38.9,16.8,320000,51.18,71.35
2023-08-25,Yesil,-16.4,46.2,21.3,320000,51.18,71.35
2023-08-26,Yesil,-17.4,45.6,15.8,320000,51.18,71.35
2023-08-27,Yesil,-19.7,51.5,22.5,320000,51.18,71.35
2023-08-28,Yesil,-18.4,43.7,16.2,320000,51.18,71.35
2023-08-29,Yesil,-13.8,49.2,15.6,320000,51.18,71.35
2023-08-30,Yesil,-15.2,53.7,11.4,320000,51.18,71.35
2023-08-31,Yesil,-19.0,46.5,20.2,320000,51.18,71.35
2023-09-01,Yesil,-18.4,44.9,19.3,320000,51.18,71.35
2023-09-02,Yesil,-16.5,53.0,14.1,320000,51.18,71.35
2023-09-03,Yesil,-18.0,58.3,16.1,320000,51.18,71.35
2023-09-04,Yesil,-17.7,50.5,13.6,320000,51.18,71.35
2023-09-05,Yesil,-17.4,57.1,16.8,320000,51.18,71.35
2023-09-06,Yesil,-20.1,54.7,8.0,320000,51.18,71.35
2023-09-07,Yesil,-19.8,56.0,15.3,320000,51.18,71.35
2023-09-08,Yesil,-17.1,57.3,17.0,320000,51.18,71.35
2023-09-09,Yesil,-21.0,52.6,16.3,320000,51.18,71.35
2023-09-10,Yesil,-17.3,55.4,7.9,320000,51.18,71.35
2023-09-11,Yesil,-21.0,55.0,17.0,320000,51.18,71.35
2023-09-12,Yesil,-19.4,58.0,14.1,320000,51.18,71.35
2023-09-13,Yesil,-19.0,48.3,12.1,320000,51.18,71.35
2023-09-14,Yesil,-18.4,54.9,14.1,320000,51.18,71.35
2023-09-15,Yesil,-21.3,61.0,14.2,320000,51.18,71.35
2023-09-16,Yesil,-19.6,53.8,11.6,320000,51.18,71.35
2023-09-17,Yesil,-17.5,55.2,16.4,320000,51.18,71.35
2023-09-18,Yesil,-18.0,54.8,12.3,320000,51.18,71.35
2023-09-19,Yesil,-19.3,60.3,13.1,320000,51.18,71.35
2023-09-20,Yesil,-18.7,51.6,13.3,320000,51.18,71.35
2023-09-21,Yesil,-19.7,54.1,18.9,320000,51.18,71.35
2023-09-22,Yesil,-18.8,60.7,11.2,320000,51.18,71.35
2023-09-23,Yesil,-19.8,58.1,12.1,320000,51.18,71.35
2023-09-24,Yesil,-19.6,52.2,10.3,320000,51.18,71.35
2023-09-25,Yesil,-23.8,59.8,22.4,320000,51.18,71.35
2023-09-26,Yesil,-20.8,61.3,8.6,320000,51.18,71.35
2023-09-27,Yesil,-21.0,57.4,9.3,320000,51.18,71.35
2023-09-28,Yesil,-22.4,56.5,8.9,320000,51.18,71.35
2023-09-29,Yesil,-20.2,58.7,14.6,320000,51.18,71.35
2023-09-30,Yesil,-20.9,50.9,12.6,320000,51.18,71.35
2023-10-01,Yesil,-21.3,63.6,10.8,320000,51.18,71.35
2023-10-02,Yesil,-19.1,65.5,18.2,320000,51.18,71.35
2023-10-03,Yesil,-18.7,61.7,19.1,320000,51.18,71.35
2023-10-04,Yesil,-22.5,55.7,8.7,320000,51.18,71.35
2023-10-05,Yesil,-20.0,68.0,11.9,320000,51.18,71.35
2023-10-06,Yesil,-19.7,60.2,6.0,320000,51.18,71.35
2023-10-07,Yesil,-21.0,54.3,11.6,320000,51.18,71.35
2023-10-08,Yesil,-19.1,64.0,16.1,320000,51.18,71.35
2023-10-09,Yesil,-17.3,57.7,7.0,320000,51.18,71.35
2023-10-10,Yesil,-21.3,64.5,22.3,320000,51.18,71.35
2023-10-11,Yesil,-20.6,53.5,12.9,320000,51.18,71.35
2023-10-12,Yesil,-19.1,70.6,12.0,320000,51.18,71.35
2023-10-13,Yesil,-20.7,70.3,16.5,320000,51.18,71.35
2023-10-14,Yesil,-24.4,66.2,12.1,320000,51.18,71.35
2023-10-15,Yesil,-21.4,59.1,10.7,320000,51.18,71.35
2023-10-16,Yesil,-17.1,64.3,22.1,320000,51.18,71.35
2023-10-17,Yesil,-18.9,62.6,15.1,320000,51.18,71.35
2023-10-18,Yesil,-19.2,60.1,14.3,320000,51.18,71.35
2023-10-19,Yesil,-18.4,62.2,10.8,320000,51.18,71.35
2023-10-20,Yesil,-18.9,69.8,11.2,320000,51.18,71.35
2023-10-21,Yesil,-19.2,59.7,15.3,320000,51.18,71.35
2023-10-22,Yesil,-18.8,67.0,16.0,320000,51.18,71.35
2023-10-23,Yesil,-17.1,76.0,19.7,320000,51.18,71.35
2023-10-24,Yesil,-18.9,64.8,21.8,320000,51.18,71.35
2023-10-25,Yesil,-18.2,72.9,18.5,320000,51.18,71.35
2023-10-26,Yesil,-19.9,64.4,16.3,320000,51.18,71.35
2023-10-27,Yesil,-16.4,69.8,13.1,320000,51.18,71.35
2023-10-28,Yesil,-17.7,67.8,20.4,320000,51.18,71.35
2023-10-29,Yesil,-18.8,72.4,16.2,320000,51.18,71.35
2023-10-30,Yesil,-18.8,81.4,9.9,320000,51.18,71.35
2023-10-31,Yesil,-17.7,69.6,20.5,320000,51.18,71.35
2023-11-01,Yesil,-17.9,71.5,15.3,320000,51.18,71.35
2023-11-02,Yesil,-16.5,72.3,21.9,320000,51.18,71.35
2023-11-03,Yesil,-18.0,79.5,18.1,320000,51.18,71.35
2023-11-04,Yesil,-16.7,67.0,9.3,320000,51.18,71.35
2023-11-05,Yesil,-17.2,67.1,18.5,320000,51.18,71.35
2023-11-06,Yesil,-19.7,71.5,14.8,320000,51.18,71.35
2023-11-07,Yesil,-14.4,67.2,13.8,320000,51.18,71.35
2023-11-08,Yesil,-17.3,64.5,17.3,320000,51.18,71.35
2023-11-09,Yesil,-18.3,70.3,21.9,320000,51.18,71.35
2023-11-10,Yesil,-13.2,77.5,18.6,320000,51.18,71.35
2023-11-11,Yesil,-18.6,71.3,23.0,320000,51.18,71.35
2023-11-12,Yesil,-16.6,65.9,22.2,320000,51.18,71.35
2023-11-13,Yesil,-12.6,76.7,16.0,320000,51.18,71.35
2023-11-14,Yesil,-13.7,67.8,15.6,320000,51.18,71.35
2023-11-15,Yesil,-10.4,69.7,16.9,320000,51.18,71.35
2023-11-16,Yesil,-12.9,70.7,14.3,320000,51.18,71.35
2023-11-17,Yesil,-14.4,79.0,16.0,320000,51.18,71.35
2023-11-18,Yesil,-12.4,72.8,12.6,320000,51.18,71.35
2023-11-19,Yesil,-11.8,79.0,17.8,320000,51.18,71.35
2023-11-20,Yesil,-13.3,79.8,7.4,320000,51.18,71.35
2023-11-21,Yesil,-11.6,82.8,18.3,320000,51.18,71.35
2023-11-22,Yesil,-11.0,72.3,19.0,320000,51.18,71.35
2023-11-23,Yesil,-10.5,79.3,15.5,320000,51.18,71.35
2023-11-24,Yesil,-9.9,72.8,15.2,320000,51.18,71.35
2023-11-25,Yesil,-12.2,72.3,7.4,320000,51.18,71.35
2023-11-26,Yesil,-11.2,76.4,10.0,320000,51.18,71.35
2023-11-27,Yesil,-9.2,77.2,15.3,320000,51.18,71.35
2023-11-28,Yesil,-12.7,70.3,13.2,320000,51.18,71.35
2023-11-29,Yesil,-10.9,73.4,13.7,320000,51.18,71.35
2023-11-30,Yesil,-10.1,76.8,11.9,320000,51.18,71.35
2023-12-01,Yesil,-9.7,78.4,15.0,320000,51.18,71.35
2023-12-02,Yesil,-10.0,70.5,17.1,320000,51.18,71.35
2023-12-03,Yesil,-7.4,80.6,13.3,320000,51.18,71.35
2023-12-04,Yesil,-6.2,80.7,12.8,320000,51.18,71.35
2023-12-05,Yesil,-5.4,80.4,13.8,320000,51.18,71.35
2023-12-06,Yesil,-5.8,70.8,12.7,320000,51.18,71.35
2023-12-07,Yesil,-8.2,80.5,8.5,320000,51.18,71.35
2023-12-08,Yesil,-8.2,79.6,12.3,320000,51.18,71.35
2023-12-09,Yesil,-4.0,78.3,12.0,320000,51.18,71.35
2023-12-10,Yesil,-6.6,83.2,19.5,320000,51.18,71.35
2023-12-11,Yesil,-5.9,77.9,15.8,320000,51.18,71.35
2023-12-12,Yesil,-5.1,84.7,12.2,320000,51.18,71.35
2023-12-13,Yesil,-3.9,73.1,13.0,320000,51.18,71.35
2023-12-14,Yesil,-2.9,71.0,15.4,320000,51.18,71.35
2023-12-15,Yesil,-1.4,80.1,24.7,320000,51.18,71.35
2023-12-16,Yesil,-2.7,88.0,16.1,320000,51.18,71.35
2023-12-17,Yesil,-4.6,79.4,18.8,320000,51.18,71.35
2023-12-18,Yesil,-3.1,77.0,9.3,320000,51.18,71.35
2023-12-19,Yesil,-4.6,71.8,8.6,320000,51.18,71.35
2023-12-20,Yesil,-0.4,86.2,22.4,320000,51.18,71.35
2023-12-21,Yesil,-0.5,82.9,25.4,320000,51.18,71.35
2023-12-22,Yesil,-2.5,74.9,18.4,320000,51.18,71.35
2023-12-23,Yesil,0.4,74.1,11.8,320000,51.18,71.35
2023-12-24,Yesil,0.1,76.3,17.7,320000,51.18,71.35
2023-12-25,Yesil,1.7,79.7,23.3,320000,51.18,71.35
2023-12-26,Yesil,1.9,87.3,16.2,320000,51.18,71.35
2023-12-27,Yesil,2.8,73.8,11.4,320000,51.18,71.35
2023-12-28,Yesil,2.6,75.3,17.6,320000,51.18,71.35
2023-12-29,Yesil,3.5,75.8,17.5,320000,51.18,71.35
2023-12-30,Yesil,2.6,79.1,18.9,320000,51.18,71.35
2023-12-31,Yesil,0.6,75.8,16.8,320000,51.18,71.35
2023-01-01,Nura,3.6,86.0,17.2,190000,51.12,71.5
2023-01-02,Nura,1.6,79.3,14.6,190000,51.12,71.5
2023-01-03,Nura,4.0,74.0,18.8,190000,51.12,71.5
2023-01-04,Nura,6.2,76.9,15.9,190000,51.12,71.5
2023-01-05,Nura,5.0,76.1,13.9,190000,51.12,71.5
2023-01-06,Nura,6.8,90.9,7.9,190000,51.12,71.5
2023-01-07,Nura,11.3,74.4,11.9,190000,51.12,71.5
2023-01-08,Nura,5.0,79.0,7.7,190000,51.12,71.5
2023-01-09,Nura,8.4,71.0,16.8,190000,51.12,71.5
2023-01-10,Nura,9.1,83.8,17.5,190000,51.12,71.5
2023-01-11,Nura,6.9,74.1,8.9,190000,51.12,71.5
2023-01-12,Nura,10.9,79.4,22.4,190000,51.12,71.5
2023-01-13,Nura,13.5,75.3,18.0,190000,51.12,71.5
2023-01-14,Nura,10.5,88.1,21.5,190000,51.12,71.5
2023-01-15,Nura,9.6,73.9,17.1,190000,51.12,71.5
2023-01-16,Nura,11.6,68.7,15.1,190000,51.12,71.5
2023-01-17,Nura,13.9,79.3,18.2,190000,51.12,71.5
2023-01-18,Nura,15.3,86.7,7.0,190000,51.12,71.5
2023-01-19,Nura,12.7,74.0,19.3,190000,51.12,71.5
2023-01-20,Nura,10.5,78.7,22.0,190000,51.12,71.5
2023-01-21,Nura,13.3,81.8,17.1,190000,51.12,71.5
2023-01-22,Nura,17.4,74.2,20.8,190000,51.12,71.5
2023-01-23,Nura,17.1,82.0,13.5,190000,51.12,71.5
2023-01-24,Nura,18.4,78.4,22.9,190000,51.12,71.5
2023-01-25,Nura,19.2,78.9,10.8,190000,51.12,71.5
2023-01-26,Nura,17.5,79.3,18.5,190000,51.12,71.5
2023-01-27,Nura,16.3,77.8,21.9,190000,51.12,71.5
2023-01-28,Nura,13.9,82.1,21.1,190000,51.12,71.5
2023-01-29,Nura,18.1,76.7,18.0,190000,51.12,71.5
2023-01-30,Nura,15.5,78.9,13.8,190000,51.12,71.5
2023-01-31,Nura,18.8,76.1,25.6,190000,51.12,71.5
2023-02-01,Nura,17.3,73.7,16.5,190000,51.12,71.5
2023-02-02,Nura,20.0,79.9,17.4,190000,51.12,71.5
2023-02-03,Nura,19.7,74.7,24.9,190000,51.12,71.5
2023-02-04,Nura,19.0,73.6,18.0,190000,51.12,71.5
2023-02-05,Nura,18.0,82.0,16.3,190000,51.12,71.5
2023-02-06,Nura,19.3,72.8,21.9,190000,51.12,71.5
2023-02-07,Nura,23.3,75.6,11.4,190000,51.12,71.5
2023-02-08,Nura,21.9,79.8,22.7,190000,51.12,71.5
2023-02-09,Nura,21.2,79.7,17.0,190000,51.12,71.5
2023-02-10,Nura,21.7,80.0,22.3,190000,51.12,71.5
2023-02-11,Nura,26.0,66.8,8.5,190000,51.12,71.5
2023-02-12,Nura,22.7,64.5,20.2,190000,51.12,71.5
2023-02-13,Nura,20.9,75.6,16.0,190000,51.12,71.5
2023-02-14,Nura,20.6,75.5,22.3,190000,51.12,71.5
2023-02-15,Nura,23.7,71.4,22.3,190000,51.12,71.5
2023-02-16,Nura,21.6,73.7,22.4,190000,51.12,71.5
2023-02-17,Nura,23.7,81.3,19.0,190000,51.12,71.5
2023-02-18,Nura,25.7,68.4,19.1,190000,51.12,71.5
2023-02-19,Nura,19.5,72.9,22.6,190000,51.12,71.5
2023-02-20,Nura,23.3,76.6,17.4,190000,51.12,71.5
2023-02-21,Nura,24.7,65.1,9.0,190000,51.12,71.5
2023-02-22,Nura,21.8,75.1,20.7,190000,51.12,71.5
2023-02-23,Nura,23.3,69.7,14.4,190000,51.12,71.5
2023-02-24,Nura,27.0,74.2,27.7,190000,51.12,71.5
2023-02-25,Nura,27.1,65.8,18.1,190000,51.12,71.5
2023-02-26,Nura,23.6,67.7,15.3,190000,51.12,71.5
2023-02-27,Nura,25.4,74.4,18.8,190000,51.12,71.5
2023-02-28,Nura,24.9,69.8,18.8,190000,51.12,71.5
2023-03-01,Nura,24.6,71.6,23.0,190000,51.12,71.5
2023-03-02,Nura,26.8,83.6,14.4,190000,51.12,71.5
2023-03-03,Nura,28.3,75.7,20.8,190000,51.12,71.5
2023-03-04,Nura,29.1,78.2,28.9,190000,51.12,71.5
2023-03-05,Nura,28.8,71.3,13.4,190000,51.12,71.5
2023-03-06,Nura,27.8,75.4,10.2,190000,51.12,71.5
2023-03-07,Nura,27.9,70.5,12.5,190000,51.12,71.5
2023-03-08,Nura,27.3,74.6,19.9,190000,51.12,71.5
2023-03-09,Nura,27.3,74.8,17.8,190000,51.12,71.5
2023-03-10,Nura,23.8,62.7,22.1,190000,51.12,71.5
2023-03-11,Nura,28.7,76.1,20.5,190000,51.12,71.5
2023-03-12,Nura,26.5,65.0,15.5,190000,51.12,71.5
2023-03-13,Nura,30.1,71.4,17.1,190000,51.12,71.5
2023-03-14,Nura,23.7,73.8,22.4,190000,51.12,71.5
2023-03-15,Nura,30.9,68.9,18.1,190000,51.12,71.5
2023-03-16,Nura,30.6,59.7,20.1,190000,51.12,71.5
2023-03-17,Nura,27.8,67.9,24.8,190000,51.12,71.5
2023-03-18,Nura,29.1,66.4,23.1,190000,51.12,71.5
2023-03-19,Nura,26.7,66.3,15.1,190000,51.12,71.5
2023-03-20,Nura,28.4,66.2,18.7,190000,51.12,71.5
2023-03-21,Nura,31.3,67.0,12.0,190000,51.12,71.5
2023-03-22,Nura,27.8,62.4,13.1,190000,51.12,71.5
2023-03-23,Nura,28.7,55.6,10.6,190000,51.12,71.5
2023-03-24,Nura,29.6,57.9,18.8,190000,51.12,71.5
2023-03-25,Nura,32.4,70.3,29.3,190000,51.12,71.5
2023-03-26,Nura,30.9,59.7,20.8,190000,51.12,71.5
2023-03-27,Nura,28.3,56.9,10.1,190000,51.12,71.5
2023-03-28,Nura,29.3,56.6,28.0,190000,51.12,71.5
2023-03-29,Nura,30.6,63.6,24.9,190000,51.12,71.5
2023-03-30,Nura,29.3,56.0,21.3,190000,51.12,71.5
2023-03-31,Nura,31.3,58.0,15.5,190000,51.12,71.5
2023-04-01,Nura,29.4,62.0,23.1,190000,51.12,71.5
2023-04-02,Nura,31.3,52.4,10.9,190000,51.12,71.5
2023-04-03,Nura,31.4,64.2,23.8,190000,51.12,71.5
2023-04-04,Nura,29.4,67.0,17.7,190000,51.12,71.5
2023-04-05,Nura,30.4,61.0,11.0,190000,51.12,71.5
2023-04-06,Nura,30.8,58.9,14.1,190000,51.12,71.5
2023-04-07,Nura,30.0,59.3,25.3,190000,51.12,71.5
2023-04-08,Nura,31.2,63.6,16.6,190000,51.12,71.5
2023-04-09,Nura,26.0,56.6,13.5,190000,51.12,71.5
2023-04-10,Nura,28.3,73.5,21.8,190000,51.12,71.5
2023-04-11,Nura,30.7,50.8,6.6,190000,51.12,71.5
2023-04-12,Nura,32.8,51.9,19.1,190000,51.12,71.5
2023-04-13,Nura,28.1,63.8,22.2,190000,51.12,71.5
2023-04-14,Nura,30.6,54.3,15.0,190000,51.12,71.5
2023-04-15,Nura,31.6,57.8,24.4,190000,51.12,71.5
2023-04-16,Nura,31.8,52.2,17.4,190000,51.12,71.5
2023-04-17,Nura,30.2,51.0,15.6,190000,51.12,71.5
2023-04-18,Nura,29.8,54.3,15.9,190000,51.12,71.5
2023-04-19,Nura,28.4,57.4,22.4,190000,51.12,71.5
2023-04-20,Nura,28.0,59.0,14.8,190000,51.12,71.5
2023-04-21,Nura,27.4,59.2,24.9,190000,51.12,71.5
2023-04-22,Nura,30.1,56.4,13.3,190000,51.12,71.5
2023-04-23,Nura,28.6,48.9,19.1,190000,51.12,71.5
2023-04-24,Nura,29.7,49.5,22.0,190000,51.12,71.5
2023-04-25,Nura,29.5,42.4,18.2,190000,51.12,71.5
2023-04-26,Nura,26.7,55.9,12.1,190000,51.12,71.5
2023-04-27,Nura,25.1,45.1,21.1,190000,51.12,71.5
2023-04-28,Nura,27.1,44.9,17.4,190000,51.12,71.5
2023-04-29,Nura,25.1,57.1,18.3,190000,51.12,71.5
2023-04-30,Nura,27.0,51.1,17.2,190000,51.12,71.5
2023-05-01,Nura,24.6,49.2,16.3,190000,51.12,71.5
2023-05-02,Nura,29.5,51.4,8.1,190000,51.12,71.5
2023-05-03,Nura,26.0,53.6,12.6,190000,51.12,71.5
2023-05-04,Nura,25.9,51.1,9.9,190000,51.12,71.5
2023-05-05,Nura,25.0,54.3,21.5,190000,51.12,71.5
2023-05-06,Nura,23.4,53.8,21.8,190000,51.12,71.5
2023-05-07,Nura,21.4,47.5,16.5,190000,51.12,71.5
2023-05-08,Nura,24.0,40.7,20.3,190000,51.12,71.5
2023-05-09,Nura,24.5,40.9,27.0,190000,51.12,71.5
2023-05-10,Nura,22.0,48.4,20.6,190000,51.12,71.5
2023-05-11,Nura,26.9,47.9,12.9,190000,51.12,71.5
2023-05-12,Nura,22.8,42.5,28.9,190000,51.12,71.5
2023-05-13,Nura,26.0,46.6,24.6,190000,51.12,71.5
2023-05-14,Nura,25.0,43.5,24.4,190000,51.12,71.5
2023-05-15,Nura,24.6,49.4,14.2,190000,51.12,71.5
2023-05-16,Nura,25.1,43.7,30.9,190000,51.12,71.5
2023-05-17,Nura,27.3,49.6,16.1,190000,51.12,71.5
2023-05-18,Nura,21.3,43.1,21.1,190000,51.12,71.5
2023-05-19,Nura,21.2,44.0,22.5,190000,51.12,71.5
2023-05-20,Nura,24.9,46.2,14.0,190000,51.12,71.5
2023-05-21,Nura,21.1,47.6,21.1,190000,51.12,71.5
2023-05-22,Nura,20.9,50.5,16.3,190000,51.12,71.5
2023-05-23,Nura,22.2,47.3,23.0,190000,51.12,71.5
2023-05-24,Nura,20.1,46.2,22.7,190000,51.12,71.5
2023-05-25,Nura,17.0,33.0,17.3,190000,51.12,71.5
2023-05-26,Nura,21.0,50.0,19.7,190000,51.12,71.5
2023-05-27,Nura,21.5,40.8,25.3,190000,51.12,71.5
2023-05-28,Nura,20.8,38.9,16.5,190000,51.12,71.5
2023-05-29,Nura,18.4,47.6,18.3,190000,51.12,71.5
2023-05-30,Nura,15.9,35.2,19.5,190000,51.12,71.5
2023-05-31,Nura,18.8,33.8,17.7,190000,51.12,71.5
2023-06-01,Nura,21.4,31.3,14.4,190000,51.12,71.5
2023-06-02,Nura,18.9,51.1,19.1,190000,51.12,71.5
2023-06-03,Nura,16.3,42.7,10.5,190000,51.12,71.5
2023-06-04,Nura,15.6,41.2,20.6,190000,51.12,71.5
2023-06-05,Nura,19.3,46.0,19.9,190000,51.12,71.5
2023-06-06,Nura,12.2,48.2,14.0,190000,51.12,71.5
2023-06-07,Nura,15.5,41.2,19.6,190000,51.12,71.5
2023-06-08,Nura,12.8,51.7,20.8,190000,51.12,71.5
2023-06-09,Nura,13.2,46.6,19.0,190000,51.12,71.5
2023-06-10,Nura,16.8,44.6,11.8,190000,51.12,71.5
2023-06-11,Nura,17.0,35.9,17.6,190000,51.12,71.5
2023-06-12,Nura,13.4,34.6,14.0,190000,51.12,71.5
2023-06-13,Nura,13.6,30.9,17.7,190000,51.12,71.5
2023-06-14,Nura,12.0,36.3,14.5,190000,51.12,71.5
2023-06-15,Nura,6.1,48.1,27.4,190000,51.12,71.5
2023-06-16,Nura,10.0,40.1,23.1,190000,51.12,71.5
2023-06-17,Nura,12.1,47.8,20.7,190000,51.12,71.5
2023-06-18,Nura,9.9,45.4,13.7,190000,51.12,71.5
2023-06-19,Nura,12.2,42.0,23.5,190000,51.12,71.5
2023-06-20,Nura,9.5,30.0,18.3,190000,51.12,71.5
2023-06-21,Nura,11.8,31.7,21.9,190000,51.12,71.5
2023-06-22,Nura,6.1,38.8,23.1,190000,51.12,71.5
2023-06-23,Nura,13.1,35.3,14.3,190000,51.12,71.5
2023-06-24,Nura,8.4,46.5,28.4,190000,51.12,71.5
2023-06-25,Nura,5.9,40.7,11.4,190000,51.12,71.5
2023-06-26,Nura,9.6,41.8,20.3,190000,51.12,71.5
2023-06-27,Nura,2.0,37.8,14.7,190000,51.12,71.5
2023-06-28,Nura,7.5,36.1,17.2,190000,51.12,71.5
2023-06-29,Nura,8.1,44.6,22.5,190000,51.12,71.5
2023-06-30,Nura,7.5,38.0,18.9,190000,51.12,71.5
2023-07-01,Nura,5.0,47.1,18.2,190000,51.12,71.5
2023-07-02,Nura,5.1,38.9,19.5,190000,51.12,71.5
2023-07-03,Nura,4.4,47.8,14.7,190000,51.12,71.5
2023-07-04,Nura,6.0,37.2,13.8,190000,51.12,71.5
2023-07-05,Nura,2.5,42.0,20.7,190000,51.12,71.5
2023-07-06,Nura,5.0,35.3,22.3,190000,51.12,71.5
2023-07-07,Nura,0.7,36.7,28.2,190000,51.12,71.5
2023-07-08,Nura,1.9,40.4,15.7,190000,51.12,71.5
2023-07-09,Nura,-0.8,40.8,18.9,190000,51.12,71.5
2023-07-10,Nura,2.7,39.6,23.2,190000,51.12,71.5
2023-07-11,Nura,3.9,42.7,24.4,190000,51.12,71.5
2023-07-12,Nura,-0.4,43.2,23.6,190000,51.12,71.5
2023-07-13,Nura,-0.0,44.4,20.1,190000,51.12,71.5
2023-07-14,Nura,0.4,41.4,5.2,190000,51.12,71.5
2023-07-15,Nura,-1.0,40.9,22.3,190000,51.12,71.5
2023-07-16,Nura,-1.8,36.9,21.0,190000,51.12,71.5
2023-07-17,Nura,3.6,30.0,11.3,190000,51.12,71.5
2023-07-18,Nura,1.5,42.6,11.0,190000,51.12,71.5
2023-07-19,Nura,-3.7,38.8,13.7,190000,51.12,71.5
2023-07-20,Nura,-3.2,45.8,21.1,190000,51.12,71.5
2023-07-21,Nura,-3.6,45.0,11.8,190000,51.12,71.5
2023-07-22,Nura,-0.1,40.8,13.4,190000,51.12,71.5
2023-07-23,Nura,-5.4,40.4,9.9,190000,51.12,71.5
2023-07-24,Nura,-3.8,43.1,21.3,190000,51.12,71.5
2023-07-25,Nura,-2.6,48.0,17.5,190000,51.12,71.5
2023-07-26,Nura,-4.2,39.2,14.6,190000,51.12,71.5
2023-07-27,Nura,-7.0,42.7,10.2,190000,51.12,71.5
2023-07-28,Nura,-7.3,40.0,5.0,190000,51.12,71.5
2023-07-29,Nura,-5.8,44.5,18.5,190000,51.12,71.5
2023-07-30,Nura,-6.7,41.8,16.9,190000,51.12,71.5
2023-07-31,Nura,-7.8,44.3,13.4,190000,51.12,71.5
2023-08-01,Nura,-8.5,54.8,7.9,190000,51.12,71.5
2023-08-02,Nura,-9.3,41.1,16.6,190000,51.12,71.5
2023-08-03,Nura,-6.2,44.6,18.0,190000,51.12,71.5
2023-08-04,Nura,-6.8,38.0,12.5,190000,51.12,71.5
2023-08-05,Nura,-12.7,53.5,22.7,190000,51.12,71.5
2023-08-06,Nura,-6.6,40.2,29.7,190000,51.12,71.5
2023-08-07,Nura,-7.5,51.3,21.5,190000,51.12,71.5
2023-08-08,Nura,-11.0,38.5,17.5,190000,51.12,71.5
2023-08-09,Nura,-10.0,51.7,21.9,190000,51.12,71.5
2023-08-10,Nura,-8.5,45.1,13.5,190000,51.12,71.5
2023-08-11,Nura,-9.9,42.7,21.5,190000,51.12,71.5
2023-08-12,Nura,-10.8,40.9,22.3,190000,51.12,71.5
2023-08-13,Nura,-11.7,46.6,11.3,190000,51.12,71.5
2023-08-14,Nura,-11.4,51.4,14.4,190000,51.12,71.5
2023-08-15,Nura,-11.3,41.2,26.7,190000,51.12,71.5
2023-08-16,Nura,-12.6,36.5,19.9,190000,51.12,71.5
2023-08-17,Nura,-11.6,49.0,23.3,190000,51.12,71.5
2023-08-18,Nura,-11.1,46.8,8.8,190000,51.12,71.5
2023-08-19,Nura,-13.0,52.3,5.0,190000,51.12,71.5
2023-08-20,Nura,-14.4,39.4,20.4,190000,51.12,71.5
2023-08-21,Nura,-16.1,54.7,14.1,190000,51.12,71.5
2023-08-22,Nura,-13.8,62.3,16.7,190000,51.12,71.5
2023-08-23,Nura,-15.6,42.5,25.3,190000,51.12,71.5
2023-08-24,Nura,-18.7,55.0,22.5,190000,51.12,71.5
2023-08-25,Nura,-11.5,44.3,17.4,190000,51.12,71.5
2023-08-26,Nura,-16.0,37.8,21.2,190000,51.12,71.5
2023-08-27,Nura,-13.6,54.5,18.0,190000,51.12,71.5
2023-08-28,Nura,-13.0,48.1,20.8,190000,51.12,71.5
2023-08-29,Nura,-18.3,51.2,13.7,190000,51.12,71.5
2023-08-30,Nura,-14.8,46.0,17.6,190000,51.12,71.5
2023-08-31,Nura,-15.2,43.8,16.3,190000,51.12,71.5
2023-09-01,Nura,-18.1,36.3,18.7,190000,51.12,71.5
2023-09-02,Nura,-14.3,47.7,12.2,190000,51.12,71.5
2023-09-03,Nura,-15.0,50.5,14.7,190000,51.12,71.5
2023-09-04,Nura,-18.2,45.6,18.2,190000,51.12,71.5
2023-09-05,Nura,-17.7,52.8,23.7,190000,51.12,71.5
2023-09-06,Nura,-15.5,51.0,21.4,190000,51.12,71.5
2023-09-07,Nura,-14.5,54.8,21.0,190000,51.12,71.5
2023-09-08,Nura,-16.3,44.4,18.2,190000,51.12,71.5
2023-09-09,Nura,-19.6,48.2,13.4,190000,51.12,71.5
2023-09-10,Nura,-16.1,43.9,12.5,190000,51.12,71.5
2023-09-11,Nura,-21.5,58.7,15.5,190000,51.12,71.5
2023-09-12,Nura,-20.0,51.4,26.6,190000,51.12,71.5
2023-09-13,Nura,-17.2,55.0,12.8,190000,51.12,71.5
2023-09-14,Nura,-19.3,51.4,15.0,190000,51.12,71.5
2023-09-15,Nura,-19.2,53.2,16.9,190000,51.12,71.5
2023-09-16,Nura,-19.1,53.5,11.8,190000,51.12,71.5
2023-09-17,Nura,-19.3,51.0,15.3,190000,51.12,71.5
2023-09-18,Nura,-22.0,60.0,19.0,190000,51.12,71.5
2023-09-19,Nura,-21.5,49.7,26.3,190000,51.12,71.5
2023-09-20,Nura,-19.0,54.0,21.9,190000,51.12,71.5
2023-09-21,Nura,-18.0,66.6,22.0,190000,51.12,71.5
2023-09-22,Nura,-19.7,52.8,9.1,190000,51.12,71.5
2023-09-23,Nura,-22.0,58.9,19.0,190000,51.12,71.5
2023-09-24,Nura,-18.6,62.9,22.1,190000,51.12,71.5
2023-09-25,Nura,-22.4,53.3,22.0,190000,51.12,71.5
2023-09-26,Nura,-20.3,66.7,17.6,190000,51.12,71.5
2023-09-27,Nura,-24.7,57.4,16.5,190000,51.12,71.5
2023-09-28,Nura,-21.1,64.8,9.5,190000,51.12,71.5
2023-09-29,Nura,-20.8,55.2,21.9,190000,51.12,71.5
2023-09-30,Nura,-18.3,58.1,20.3,190000,51.12,71.5
2023-10-01,Nura,-21.5,69.9,19.0,190000,51.12,71.5
2023-10-02,Nura,-19.7,61.6,13.6,190000,51.12,71.5
2023-10-03,Nura,-21.4,60.9,16.3,190000,51.12,71.5
2023-10-04,Nura,-19.6,54.9,20.9,190000,51.12,71.5
2023-10-05,Nura,-17.9,57.7,18.8,190000,51.12,71.5
2023-10-06,Nura,-20.1,62.1,10.3,190000,51.12,71.5
2023-10-07,Nura,-20.1,59.2,13.2,190000,51.12,71.5
2023-10-08,Nura,-20.7,58.4,27.0,190000,51.12,71.5
2023-10-09,Nura,-21.7,67.9,18.1,190000,51.12,71.5
2023-10-10,Nura,-18.2,63.8,13.4,190000,51.12,71.5
2023-10-11,Nura,-23.3,65.2,15.9,190000,51.12,71.5
2023-10-12,Nura,-20.6,64.8,15.5,190000,51.12,71.5
2023-10-13,Nura,-18.3,72.6,20.3,190000,51.12,71.5
2023-10-14,Nura,-16.4,69.7,12.4,190000,51.12,71.5
2023-10-15,Nura,-16.8,62.7,14.0,190000,51.12,71.5
2023-10-16,Nura,-19.3,70.9,11.2,190000,51.12,71.5
2023-10-17,Nura,-21.0,69.0,12.9,190000,51.12,71.5
2023-10-18,Nura,-22.7,66.6,19.8,190000,51.12,71.5
2023-10-19,Nura,-18.2,62.3,26.0,190000,51.12,71.5
2023-10-20,Nura,-17.3,63.3,19.1,190000,51.12,71.5
2023-10-21,Nura,-16.4,59.7,14.7,190000,51.12,71.5
2023-10-22,Nura,-19.4,74.2,28.0,190000,51.12,71.5
2023-10-23,Nura,-17.6,57.2,14.5,190000,51.12,71.5
2023-10-24,Nura,-17.0,73.9,17.2,190000,51.12,71.5
2023-10-25,Nura,-18.6,69.2,20.5,190000,51.12,71.5
2023-10-26,Nura,-17.8,71.9,25.3,190000,51.12,71.5
2023-10-27,Nura,-13.2,66.5,25.8,190000,51.12,71.5
2023-10-28,Nura,-17.7,68.1,17.1,190000,51.12,71.5
2023-10-29,Nura,-17.7,60.3,19.0,190000,51.12,71.5
2023-10-30,Nura,-13.5,70.7,15.1,190000,51.12,71.5
2023-10-31,Nura,-17.0,67.1,16.3,190000,51.12,71.5
2023-11-01,Nura,-17.7,67.4,16.2,190000,51.12,71.5
2023-11-02,Nura,-18.2,66.8,18.5,190000,51.12,71.5
2023-11-03,Nura,-13.9,69.5,16.2,190000,51.12,71.5
2023-11-04,Nura,-17.0,76.2,16.7,190000,51.12,71.5
2023-11-05,Nura,-13.3,69.9,15.7,190000,51.12,71.5
2023-11-06,Nura,-15.9,78.5,17.6,190000,51.12,71.5
2023-11-07,Nura,-13.1,65.6,16.1,190000,51.12,71.5
2023-11-08,Nura,-14.0,71.2,10.1,190000,51.12,71.5
2023-11-09,Nura,-16.8,69.7,9.7,190000,51.12,71.5
2023-11-10,Nura,-14.1,84.3,22.2,190000,51.12,71.5
2023-11-11,Nura,-15.5,71.1,11.4,190000,51.12,71.5
2023-11-12,Nura,-11.8,66.5,21.0,190000,51.12,71.5
2023-11-13,Nura,-10.0,68.3,18.7,190000,51.12,71.5
2023-11-14,Nura,-13.6,64.0,13.5,190000,51.12,71.5
2023-11-15,Nura,-14.6,81.6,9.4,190000,51.12,71.5
2023-11-16,Nura,-14.6,80.7,10.9,190000,51.12,71.5
2023-11-17,Nura,-13.3,77.7,18.7,190000,51.12,71.5
2023-11-18,Nura,-9.3,67.1,13.2,190000,51.12,71.5
2023-11-19,Nura,-10.7,77.6,19.1,190000,51.12,71.5
2023-11-20,Nura,-10.9,76.3,19.7,190000,51.12,71.5
2023-11-21,Nura,-8.0,76.0,12.4,190000,51.12,71.5
2023-11-22,Nura,-9.7,70.2,23.6,190000,51.12,71.5
2023-11-23,Nura,-5.2,75.9,18.0,190000,51.12,71.5
2023-11-24,Nura,-13.0,75.8,15.5,190000,51.12,71.5
2023-11-25,Nura,-8.7,79.5,18.9,190000,51.12,71.5
2023-11-26,Nura,-7.7,80.8,12.0,190000,51.12,71.5
2023-11-27,Nura,-10.2,84.2,19.5,190000,51.12,71.5
2023-11-28,Nura,-7.6,74.9,7.9,190000,51.12,71.5
2023-11-29,Nura,-11.7,71.4,22.5,190000,51.12,71.5
2023-11-30,Nura,-7.5,79.4,17.6,190000,51.12,71.5
2023-12-01,Nura,-8.5,76.5,18.1,190000,51.12,71.5
2023-12-02,Nura,-10.0,69.2,14.6,190000,51.12,71.5
2023-12-03,Nura,-5.6,79.7,9.9,190000,51.12,71.5
2023-12-04,Nura,-7.3,80.2,18.4,190000,51.12,71.5
2023-12-05,Nura,-4.2,81.1,21.8,190000,51.12,71.5
2023-12-06,Nura,-2.3,79.5,17.9,190000,51.12,71.5
2023-12-07,Nura,-4.8,76.3,20.7,190000,51.12,71.5
2023-12-08,Nura,-1.6,82.5,13.1,190000,51.12,71.5
2023-12-09,Nura,-0.6,80.6,22.0,190000,51.12,71.5
2023-12-10,Nura,-6.1,79.2,21.6,190000,51.12,71.5
2023-12-11,Nura,-3.1,78.3,30.1,190000,51.12,71.5
2023-12-12,Nura,-3.9,70.9,22.9,190000,51.12,71.5
2023-12-13,Nura,-3.5,81.8,17.1,190000,51.12,71.5
2023-12-14,Nura,-3.6,81.6,22.9,190000,51.12,71.5
2023-12-15,Nura,-0.4,87.4,17.0,190000,51.12,71.5
2023-12-16,Nura,-0.6,84.3,18.2,190000,51.12,71.5
2023-12-17,Nura,-1.2,83.5,18.8,190000,51.12,71.5
2023-12-18,Nura,1.1,78.0,19.1,190000,51.12,71.5
2023-12-19,Nura,-0.2,83.3,17.2,190000,51.12,71.5
2023-12-20,Nura,1.6,87.7,19.9,190000,51.12,71.5
2023-12-21,Nura,-0.2,77.7,20.0,190000,51.12,71.5
2023-12-22,Nura,-2.3,73.0,28.2,190000,51.12,71.5
2023-12-23,Nura,1.3,82.8,20.2,190000,51.12,71.5
2023-12-24,Nura,4.1,79.6,19.9,190000,51.12,71.5
2023-12-25,Nura,4.1,76.6,25.5,190000,51.12,71.5
2023-12-26,Nura,1.5,80.1,14.1,190000,51.12,71.5
2023-12-27,Nura,5.3,86.9,15.7,190000,51.12,71.5
2023-12-28,Nura,-2.1,79.1,17.8,190000,51.12,71.5
2023-12-29,Nura,0.6,88.2,16.8,190000,51.12,71.5
2023-12-30,Nura,7.5,82.9,26.2,190000,51.12,71.5
2023-12-31,Nura,1.1,71.2,24.4,190000,51.12,71.5
2023-01-01,Baikonur,2.4,77.4,16.1,150000,51.22,71.48
2023-01-02,Baikonur,2.4,79.6,25.7,150000,51.22,71.48
2023-01-03,Baikonur,6.8,81.8,17.6,150000,51.22,71.48
2023-01-04,Baikonur,3.7,73.5,26.1,150000,51.22,71.48
2023-01-05,Baikonur,6.5,93.4,21.2,150000,51.22,71.48
2023-01-06,Baikonur,5.7,77.3,23.8,150000,51.22,71.48
2023-01-07,Baikonur,6.9,84.7,17.2,150000,51.22,71.48
2023-01-08,Baikonur,7.6,72.9,7.5,150000,51.22,71.48
2023-01-09,Baikonur,8.9,71.7,26.4,150000,51.22,71.48
2023-01-10,Baikonur,11.6,77.8,21.2,150000,51.22,71.48
2023-01-11,Baikonur,12.7,80.1,22.5,150000,51.22,71.48
2023-01-12,Baikonur,10.8,78.4,22.0,150000,51.22,71.48
2023-01-13,Baikonur,9.5,85.3,25.2,150000,51.22,71.48
2023-01-14,Baikonur,11.7,73.0,21.2,150000,51.22,71.48
2023-01-15,Baikonur,10.6,80.7,24.2,150000,51.22,71.48
2023-01-16,Baikonur,15.4,83.5,14.1,150000,51.22,71.48
2023-01-17,Baikonur,11.3,79.4,29.9,150000,51.22,71.48
2023-01-18,Baikonur,14.7,84.1,17.4,150000,51.22,71.48
2023-01-19,Baikonur,11.3,84.6,18.7,150000,51.22,71.48
2023-01-20,Baikonur,12.2,84.2,21.1,150000,51.22,71.48
2023-01-21,Baikonur,10.3,76.7,18.2,150000,51.22,71.48
2023-01-22,Baikonur,12.2,84.8,30.4,150000,51.22,71.48
2023-01-23,Baikonur,19.6,71.1,22.9,150000,51.22,71.48
2023-01-24,Baikonur,14.9,86.8,15.7,150000,51.22,71.48
2023-01-25,Baikonur,14.8,79.4,13.8,150000,51.22,71.48
2023-01-26,Baikonur,16.5,76.1,18.7,150000,51.22,71.48
2023-01-27,Baikonur,14.7,74.6,25.6,150000,51.22,71.48
2023-01-28,Baikonur,18.4,87.5,27.7,150000,51.22,71.48
2023-01-29,Baikonur,16.3,82.5,16.4,150000,51.22,71.48
2023-01-30,Baikonur,18.2,78.6,20.5,150000,51.22,71.48
2023-01-31,Baikonur,15.0,84.9,13.3,150000,51.22,71.48
2023-02-01,Baikonur,18.1,76.6,18.6,150000,51.22,71.48
2023-02-02,Baikonur,18.1,68.8,20.5,150000,51.22,71.48
2023-02-03,Baikonur,20.7,77.5,22.7,150000,51.22,71.48
2023-02-04,Baikonur,19.5,77.4,15.9,150000,51.22,71.48
2023-02-05,Baikonur,21.3,81.6,19.6,150000,51.22,71.48
2023-02-06,Baikonur,22.3,84.5,17.5,150000,51.22,71.48
2023-02-07,Baikonur,17.3,69.4,22.2,150000,51.22,71.48
2023-02-08,Baikonur,22.2,72.9,21.2,150000,51.22,71.48
2023-02-09,Baikonur,23.5,75.5,18.3,150000,51.22,71.48
2023-02-10,Baikonur,17.8,73.4,12.2,150000,51.22,71.48
2023-02-11,Baikonur,22.4,76.3,16.5,150000,51.22,71.48
2023-02-12,Baikonur,23.1,70.0,12.8,150000,51.22,71.48
2023-02-13,Baikonur,26.2,74.5,16.7,150000,51.22,71.48
2023-02-14,Baikonur,20.4,79.0,18.5,150000,51.22,71.48
2023-02-15,Baikonur,21.0,77.0,19.4,150000,51.22,71.48
2023-02-16,Baikonur,23.5,75.3,17.4,150000,51.22,71.48
2023-02-17,Baikonur,24.5,68.7,19.4,150000,51.22,71.48
2023-02-18,Baikonur,25.7,74.2,31.7,150000,51.22,71.48
2023-02-19,Baikonur,22.8,71.7,24.9,150000,51.22,71.48
2023-02-20,Baikonur,25.2,72.0,28.6,150000,51.22,71.48
2023-02-21,Baikonur,27.2,75.2,8.0,150000,51.22,71.48
2023-02-22,Baikonur,20.4,73.0,17.5,150000,51.22,71.48
2023-02-23,Baikonur,21.6,69.9,13.9,150000,51.22,71.48
2023-02-24,Baikonur,24.8,67.1,30.1,150000,51.22,71.48
2023-02-25,Baikonur,26.0,78.2,19.0,150000,51.22,71.48
2023-02-26,Baikonur,20.6,66.5,20.7,150000,51.22,71.48
2023-02-27,Baikonur,27.2,64.2,27.6,150000,51.22,71.48
2023-02-28,Baikonur,26.7,76.4,16.4,150000,51.22,71.48
2023-03-01,Baikonur,24.6,70.1,23.7,150000,51.22,71.48
2023-03-02,Baikonur,27.4,68.3,17.8,150000,51.22,71.48
2023-03-03,Baikonur,24.6,71.7,24.6,150000,51.22,71.48
2023-03-04,Baikonur,23.2,71.9,20.6,150000,51.22,71.48
2023-03-05,Baikonur,27.0,73.8,20.9,150000,51.22,71.48
2023-03-06,Baikonur,25.6,69.8,18.5,150000,51.22,71.48
2023-03-07,Baikonur,26.4,71.1,22.2,150000,51.22,71.48
2023-03-08,Baikonur,29.2,61.2,23.6,150000,51.22,71.48
2023-03-09,Baikonur,30.0,69.4,23.3,150000,51.22,71.48
2023-03-10,Baikonur,26.4,69.7,17.4,150000,51.22,71.48
2023-03-11,Baikonur,23.4,69.0,17.0,150000,51.22,71.48
2023-03-12,Baikonur,27.1,62.6,14.6,150000,51.22,71.48
2023-03-13,Baikonur,29.4,70.8,16.2,150000,51.22,71.48
2023-03-14,Baikonur,31.5,59.7,19.6,150000,51.22,71.48
2023-03-15,Baikonur,28.1,69.3,24.5,150000,51.22,71.48
2023-03-16,Baikonur,31.5,64.4,19.6,150000,51.22,71.48
2023-03-17,Baikonur,30.8,66.2,19.3,150000,51.22,71.48
2023-03-18,Baikonur,28.2,59.5,25.9,150000,51.22,71.48
2023-03-19,Baikonur,29.4,64.3,17.9,150000,51.22,71.48
2023-03-20,Baikonur,28.9,69.1,22.6,150000,51.22,71.48
2023-03-21,Baikonur,29.4,66.3,19.6,150000,51.22,71.48
2023-03-22,Baikonur,29.4,60.3,30.4,150000,51.22,71.48
2023-03-23,Baikonur,26.8,60.2,20.9,150000,51.22,71.48
2023-03-24,Baikonur,30.0,70.9,12.7,150000,51.22,71.48
2023-03-25,Baikonur,31.2,50.9,24.0,150000,51.22,71.48
2023-03-26,Baikonur,31.4,67.9,28.6,150000,51.22,71.48
2023-03-27,Baikonur,29.6,61.1,11.9,150000,51.22,71.48
2023-03-28,Baikonur,27.9,63.1,20.8,150000,51.22,71.48
2023-03-29,Baikonur,28.3,55.3,19.0,150000,51.22,71.48
2023-03-30,Baikonur,29.6,55.8,30.1,150000,51.22,71.48
2023-03-31,Baikonur,29.5,59.9,13.5,150000,51.22,71.48
2023-04-01,Baikonur,26.8,54.5,14.8,150000,51.22,71.48
2023-04-02,Baikonur,30.7,49.0,25.2,150000,51.22,71.48
2023-04-03,Baikonur,29.1,45.7,21.7,150000,51.22,71.48
2023-04-04,Baikonur,30.2,59.7,20.7,150000,51.22,71.48
2023-04-05,Baikonur,28.9,70.0,23.1,150000,51.22,71.48
2023-04-06,Baikonur,31.0,62.1,18.3,150000,51.22,71.48
2023-04-07,Baikonur,31.1,62.3,21.2,150000,51.22,71.48
2023-04-08,Baikonur,27.4,62.9,13.6,150000,51.22,71.48
2023-04-09,Baikonur,30.6,59.0,13.5,150000,51.22,71.48
2023-04-10,Baikonur,27.1,65.4,23.6,150000,51.22,71.48
2023-04-11,Baikonur,29.6,55.7,15.8,150000,51.22,71.48
2023-04-12,Baikonur,29.4,54.2,14.2,150000,51.22,71.48
2023-04-13,Baikonur,29.4,52.9,27.1,150000,51.22,71.48
2023-04-14,Baikonur,28.1,52.9,19.8,150000,51.22,71.48
2023-04-15,Baikonur,30.3,55.1,22.1,150000,51.22,71.48
2023-04-16,Baikonur,25.6,59.9,22.7,150000,51.22,71.48
2023-04-17,Baikonur,29.8,54.8,14.3,150000,51.22,71.48
2023-04-18,Baikonur,30.0,57.4,25.5,150000,51.22,71.48
2023-04-19,Baikonur,27.8,60.0,10.5,150000,51.22,71.48
2023-04-20,Baikonur,28.2,54.0,31.0,150000,51.22,71.48
2023-04-21,Baikonur,23.5,52.2,17.5,150000,51.22,71.48
2023-04-22,Baikonur,28.8,49.8,17.1,150000,51.22,71.48
2023-04-23,Baikonur,26.2,56.5,22.5,150000,51.22,71.48
2023-04-24,Baikonur,28.2,55.7,26.4,150000,51.22,71.48
2023-04-25,Baikonur,25.3,60.5,19.7,150000,51.22,71.48
2023-04-26,Baikonur,25.4,49.4,23.3,150000,51.22,71.48
2023-04-27,Baikonur,29.9,55.8,25.9,150000,51.22,71.48
2023-04-28,Baikonur,26.9,47.5,25.3,150000,51.22,71.48
2023-04-29,Baikonur,27.7,47.2,29.9,150000,51.22,71.48
2023-04-30,Baikonur,28.9,54.9,21.4,150000,51.22,71.48
2023-05-01,Baikonur,27.2,55.7,23.8,150000,51.22,71.48
2023-05-02,Baikonur,28.2,53.3,22.1,150000,51.22,71.48
2023-05-03,Baikonur,28.6,47.2,12.7,150000,51.22,71.48
2023-05-04,Baikonur,25.8,41.0,15.7,150000,51.22,71.48
2023-05-05,Baikonur,27.0,51.1,27.1,150000,51.22,71.48
2023-05-06,Baikonur,26.2,49.9,17.2,150000,51.22,71.48
2023-05-07,Baikonur,27.9,51.9,10.6,150000,51.22,71.48
2023-05-08,Baikonur,26.1,42.7,16.4,150000,51.22,71.48
2023-05-09,Baikonur,26.1,46.2,24.0,150000,51.22,71.48
2023-05-10,Baikonur,27.0,45.0,32.2,150000,51.22,71.48
2023-05-11,Baikonur,26.8,45.3,11.8,150000,51.22,71.48
2023-05-12,Baikonur,23.7,50.2,27.1,150000,51.22,71.48
2023-05-13,Baikonur,22.1,40.7,7.1,150000,51.22,71.48
2023-05-14,Baikonur,24.0,45.4,9.3,150000,51.22,71.48
2023-05-15,Baikonur,21.4,34.6,25.3,150000,51.22,71.48
2023-05-16,Baikonur,25.1,43.6,19.5,150000,51.22,71.48
2023-05-17,Baikonur,21.6,43.2,20.4,150000,51.22,71.48
2023-05-18,Baikonur,22.9,44.5,14.9,150000,51.22,71.48
2023-05-19,Baikonur,19.9,50.3,22.2,150000,51.22,71.48
2023-05-20,Baikonur,22.6,45.6,23.0,150000,51.22,71.48
2023-05-21,Baikonur,25.2,45.6,25.4,150000,51.22,71.48
2023-05-22,Baikonur,21.8,43.8,23.6,150000,51.22,71.48
2023-05-23,Baikonur,22.6,43.3,20.8,150000,51.22,71.48
2023-05-24,Baikonur,23.5,59.7,17.6,150000,51.22,71.48
2023-05-25,Baikonur,22.0,30.5,22.9,150000,51.22,71.48
2023-05-26,Baikonur,21.1,37.8,16.8,150000,51.22,71.48
2023-05-27,Baikonur,16.7,50.7,27.1,150000,51.22,71.48
2023-05-28,Baikonur,20.6,42.6,20.2,150000,51.22,71.48
2023-05-29,Baikonur,16.9,46.0,11.2,150000,51.22,71.48
2023-05-30,Baikonur,14.2,43.4,17.6,150000,51.22,71.48
2023-05-31,Baikonur,22.1,36.7,18.0,150000,51.22,71.48
2023-06-01,Baikonur,19.5,31.6,28.4,150000,51.22,71.48
2023-06-02,Baikonur,17.3,39.7,22.1,150000,51.22,71.48
2023-06-03,Baikonur,18.0,47.4,20.0,150000,51.22,71.48
2023-06-04,Baikonur,16.8,48.4,19.0,150000,51.22,71.48
2023-06-05,Baikonur,17.0,41.8,22.2,150000,51.22,71.48
2023-06-06,Baikonur,20.0,30.0,19.3,150000,51.22,71.48
2023-06-07,Baikonur,19.5,43.8,27.6,150000,51.22,71.48
2023-06-08,Baikonur,15.5,49.6,17.0,150000,51.22,71.48
2023-06-09,Baikonur,10.9,32.3,23.9,150000,51.22,71.48
2023-06-10,Baikonur,16.2,41.6,23.6,150000,51.22,71.48
2023-06-11,Baikonur,13.0,35.0,14.9,150000,51.22,71.48
2023-06-12,Baikonur,15.2,42.1,16.3,150000,51.22,71.48
2023-06-13,Baikonur,13.1,37.7,28.5,150000,51.22,71.48
2023-06-14,Baikonur,15.4,45.3,18.5,150000,51.22,71.48
2023-06-15,Baikonur,12.9,45.7,20.6,150000,51.22,71.48
2023-06-16,Baikonur,11.2,44.9,28.7,150000,51.22,71.48
2023-06-17,Baikonur,10.8,40.7,24.5,150000,51.22,71.48
2023-06-18,Baikonur,14.3,39.2,21.2,150000,51.22,71.48
2023-06-19,Baikonur,11.4,36.8,26.2,150000,51.22,71.48
2023-06-20,Baikonur,9.0,41.2,16.8,150000,51.22,71.48
2023-06-21,Baikonur,10.4,31.5,26.6,150000,51.22,71.48
2023-06-22,Baikonur,11.6,39.4,15.0,150000,51.22,71.48
2023-06-23,Baikonur,8.0,34.9,21.4,150000,51.22,71.48
2023-06-24,Baikonur,8.1,45.8,25.1,150000,51.22,71.48
2023-06-25,Baikonur,9.2,35.0,24.8,150000,51.22,71.48
2023-06-26,Baikonur,4.9,38.8,16.5,150000,51.22,71.48
2023-06-27,Baikonur,9.4,35.8,20.5,150000,51.22,71.48
2023-06-28,Baikonur,5.5,44.6,24.2,150000,51.22,71.48
2023-06-29,Baikonur,9.9,43.3,21.4,150000,51.22,71.48
2023-06-30,Baikonur,6.3,36.4,21.7,150000,51.22,71.48
2023-07-01,Baikonur,7.4,44.4,25.2,150000,51.22,71.48
2023-07-02,Baikonur,8.2,41.5,24.0,150000,51.22,71.48
2023-07-03,Baikonur,6.4,44.4,14.5,150000,51.22,71.48
2023-07-04,Baikonur,4.3,32.4,21.8,150000,51.22,71.48
2023-07-05,Baikonur,6.1,47.6,26.7,150000,51.22,71.48
2023-07-06,Baikonur,-0.4,46.7,15.6,150000,51.22,71.48
2023-07-07,Baikonur,1.0,32.7,18.1,150000,51.22,71.48
2023-07-08,Baikonur,1.9,32.9,20.4,150000,51.22,71.48
2023-07-09,Baikonur,2.9,36.2,20.1,150000,51.22,71.48
2023-07-10,Baikonur,1.9,41.5,13.3,150000,51.22,71.48
2023-07-11,Baikonur,6.2,33.9,26.3,150000,51.22,71.48
2023-07-12,Baikonur,-3.0,48.0,23.9,150000,51.22,71.48
2023-07-13,Baikonur,1.4,32.6,19.8,150000,51.22,71.48
2023-07-14,Baikonur,3.8,42.7,15.1,150000,51.22,71.48
2023-07-15,Baikonur,-0.3,42.0,25.5,150000,51.22,71.48
2023-07-16,Baikonur,-0.3,35.8,23.9,150000,51.22,71.48
2023-07-17,Baikonur,0.5,38.1,17.8,150000,51.22,71.48
2023-07-18,Baikonur,-0.5,40.9,23.4,150000,51.22,71.48
2023-07-19,Baikonur,-2.8,38.2,23.6,150000,51.22,71.48
2023-07-20,Baikonur,-2.4,47.5,23.1,150000,51.22,71.48
2023-07-21,Baikonur,-2.5,50.2,20.7,150000,51.22,71.48
2023-07-22,Baikonur,-4.7,48.5,22.1,150000,51.22,71.48
2023-07-23,Baikonur,-4.5,44.1,6.4,150000,51.22,71.48
2023-07-24,Baikonur,-7.0,42.2,23.3,150000,51.22,71.48
2023-07-25,Baikonur,-6.8,50.2,30.4,150000,51.22,71.48
2023-07-26,Baikonur,-5.1,47.8,12.2,150000,51.22,71.48
2023-07-27,Baikonur,-8.1,41.1,23.9,150000,51.22,71.48
2023-07-28,Baikonur,-6.4,40.9,25.7,150000,51.22,71.48
2023-07-29,Baikonur,-5.6,36.4,18.9,150000,51.22,71.48
2023-07-30,Baikonur,-6.1,39.7,29.4,150000,51.22,71.48
2023-07-31,Baikonur,-5.9,34.8,17.9,150000,51.22,71.48
2023-08-01,Baikonur,-5.9,48.5,20.7,150000,51.22,71.48
2023-08-02,Baikonur,-10.7,45.3,29.6,150000,51.22,71.48
2023-08-03,Baikonur,-9.5,46.5,20.7,150000,51.22,71.48
2023-08-04,Baikonur,-10.7,44.6,16.8,150000,51.22,71.48
2023-08-05,Baikonur,-11.6,47.9,23.7,150000,51.22,71.48
2023-08-06,Baikonur,-12.2,44.8,28.8,150000,51.22,71.48
2023-08-07,Baikonur,-7.3,45.0,19.5,150000,51.22,71.48
2023-08-08,Baikonur,-9.3,47.1,15.6,150000,51.22,71.48
2023-08-09,Baikonur,-8.7,46.2,18.7,150000,51.22,71.48
2023-08-10,Baikonur,-11.1,36.3,26.9,150000,51.22,71.48
2023-08-11,Baikonur,-11.7,43.5,5.0,150000,51.22,71.48
2023-08-12,Baikonur,-13.7,40.8,27.7,150000,51.22,71.48
2023-08-13,Baikonur,-7.5,46.3,20.0,150000,51.22,71.48
2023-08-14,Baikonur,-14.7,55.3,12.3,150000,51.22,71.48
2023-08-15,Baikonur,-12.6,46.8,24.0,150000,51.22,71.48
2023-08-16,Baikonur,-10.6,39.9,14.5,150000,51.22,71.48
2023-08-17,Baikonur,-15.3,42.2,17.1,150000,51.22,71.48
2023-08-18,Baikonur,-12.8,50.6,21.5,150000,51.22,71.48
2023-08-19,Baikonur,-18.6,44.7,21.6,150000,51.22,71.48
2023-08-20,Baikonur,-13.9,44.4,16.0,150000,51.22,71.48
2023-08-21,Baikonur,-13.6,48.0,21.2,150000,51.22,71.48
2023-08-22,Baikonur,-14.0,45.5,26.0,150000,51.22,71.48
2023-08-23,Baikonur,-13.3,53.3,19.9,150000,51.22,71.48
2023-08-24,Baikonur,-19.1,42.8,23.5,150000,51.22,71.48
2023-08-25,Baikonur,-13.2,50.2,26.0,150000,51.22,71.48
2023-08-26,Baikonur,-17.6,48.4,25.4,150000,51.22,71.48
2023-08-27,Baikonur,-16.7,48.1,14.4,150000,51.22,71.48
2023-08-28,Baikonur,-14.1,45.0,25.4,150000,51.22,71.48
2023-08-29,Baikonur,-15.3,50.7,20.1,150000,51.22,71.48
2023-08-30,Baikonur,-15.1,47.0,13.6,150000,51.22,71.48
2023-08-31,Baikonur,-15.0,47.7,25.8,150000,51.22,71.48
2023-09-01,Baikonur,-15.0,51.0,17.2,150000,51.22,71.48
2023-09-02,Baikonur,-16.5,46.6,22.5,150000,51.22,71.48
2023-09-03,Baikonur,-21.9,44.5,19.7,150000,51.22,71.48
2023-09-04,Baikonur,-16.2,39.4,18.1,150000,51.22,71.48
2023-09-05,Baikonur,-13.9,43.7,19.0,150000,51.22,71.48
2023-09-06,Baikonur,-17.5,46.0,11.7,150000,51.22,71.48
2023-09-07,Baikonur,-19.4,56.9,22.1,150000,51.22,71.48
2023-09-08,Baikonur,-20.6,57.8,13.6,150000,51.22,71.48
2023-09-09,Baikonur,-19.6,53.0,17.0,150000,51.22,71.48
2023-09-10,Baikonur,-19.7,49.9,27.2,150000,51.22,71.48
2023-09-11,Baikonur,-22.5,60.3,19.1,150000,51.22,71.48
2023-09-12,Baikonur,-18.3,54.1,22.7,150000,51.22,71.48
2023-09-13,Baikonur,-17.7,51.5,18.4,150000,51.22,71.48
2023-09-14,Baikonur,-13.6,54.9,22.1,150000,51.22,71.48
2023-09-15,Baikonur,-18.1,48.9,27.7,150000,51.22,71.48
2023-09-16,Baikonur,-17.6,56.2,24.6,150000,51.22,71.48
2023-09-17,Baikonur,-19.6,55.2,25.4,150000,51.22,71.48
2023-09-18,Baikonur,-14.0,59.0,23.5,150000,51.22,71.48
2023-09-19,Baikonur,-17.9,59.6,21.6,150000,51.22,71.48
2023-09-20,Baikonur,-20.6,52.7,12.8,150000,51.22,71.48
2023-09-21,Baikonur,-20.0,51.1,17.1,150000,51.22,71.48
2023-09-22,Baikonur,-18.7,60.4,26.5,150000,51.22,71.48
2023-09-23,Baikonur,-20.0,59.2,14.2,150000,51.22,71.48
2023-09-24,Baikonur,-18.4,53.1,17.6,150000,51.22,71.48
2023-09-25,Baikonur,-22.1,57.9,25.5,150000,51.22,71.48
2023-09-26,Baikonur,-23.8,57.4,26.4,150000,51.22,71.48
2023-09-27,Baikonur,-17.3,53.0,11.8,150000,51.22,71.48
2023-09-28,Baikonur,-20.9,58.1,21.6,150000,51.22,71.48
2023-09-29,Baikonur,-17.4,60.4,22.0,150000,51.22,71.48
2023-09-30,Baikonur,-19.9,56.6,16.5,150000,51.22,71.48
2023-10-01,Baikonur,-22.8,55.2,20.2,150000,51.22,71.48
2023-10-02,Baikonur,-20.1,60.0,25.7,150000,51.22,71.48
2023-10-03,Baikonur,-20.2,61.6,21.9,150000,51.22,71.48
2023-10-04,Baikonur,-16.3,55.0,21.4,150000,51.22,71.48
2023-10-05,Baikonur,-20.5,71.0,16.2,150000,51.22,71.48
2023-10-06,Baikonur,-18.9,58.0,24.4,150000,51.22,71.48
2023-10-07,Baikonur,-21.5,64.1,17.4,150000,51.22,71.48
2023-10-08,Baikonur,-18.2,62.7,15.4,150000,51.22,71.48
2023-10-09,Baikonur,-21.0,62.2,19.9,150000,51.22,71.48
2023-10-10,Baikonur,-21.1,56.8,13.8,150000,51.22,71.48
2023-10-11,Baikonur,-18.9,66.8,12.8,150000,51.22,71.48
2023-10-12,Baikonur,-20.5,69.1,22.9,150000,51.22,71.48
2023-10-13,Baikonur,-20.9,60.6,12.5,150000,51.22,71.48
2023-10-14,Baikonur,-21.3,68.7,23.2,150000,51.22,71.48
2023-10-15,Baikonur,-19.9,57.4,27.6,150000,51.22,71.48
2023-10-16,Baikonur,-18.7,64.3,28.3,150000,51.22,71.48
2023-10-17,Baikonur,-18.8,65.7,26.7,150000,51.22,71.48
2023-10-18,Baikonur,-15.4,61.1,19.8,150000,51.22,71.48
2023-10-19,Baikonur,-17.0,63.1,27.1,150000,51.22,71.48
2023-10-20,Baikonur,-16.4,65.7,26.9,150000,51.22,71.48
2023-10-21,Baikonur,-19.0,68.9,12.0,150000,51.22,71.48
2023-10-22,Baikonur,-19.5,57.0,24.4,150000,51.22,71.48
2023-10-23,Baikonur,-18.5,68.0,17.8,150000,51.22,71.48
2023-10-24,Baikonur,-17.1,70.5,35.6,150000,51.22,71.48
2023-10-25,Baikonur,-17.1,70.0,29.1,150000,51.22,71.48
2023-10-26,Baikonur,-17.9,72.7,17.8,150000,51.22,71.48
2023-10-27,Baikonur,-19.0,67.9,23.3,150000,51.22,71.48
2023-10-28,Baikonur,-16.4,81.7,30.6,150000,51.22,71.48
2023-10-29,Baikonur,-20.4,68.2,19.9,150000,51.22,71.48
2023-10-30,Baikonur,-14.5,75.7,19.7,150000,51.22,71.48
2023-10-31,Baikonur,-17.8,63.8,34.4,150000,51.22,71.48
2023-11-01,Baikonur,-17.5,75.4,27.8,150000,51.22,71.48
2023-11-02,Baikonur,-13.7,76.6,22.7,150000,51.22,71.48
2023-11-03,Baikonur,-17.8,71.8,22.9,150000,51.22,71.48
2023-11-04,Baikonur,-19.4,73.6,16.7,150000,51.22,71.48
2023-11-05,Baikonur,-17.4,74.6,21.0,150000,51.22,71.48
2023-11-06,Baikonur,-15.3,76.9,12.6,150000,51.22,71.48
2023-11-07,Baikonur,-14.9,75.8,21.8,150000,51.22,71.48
2023-11-08,Baikonur,-16.8,71.3,25.1,150000,51.22,71.48
2023-11-09,Baikonur,-16.9,71.2,19.8,150000,51.22,71.48
2023-11-10,Baikonur,-15.1,75.9,17.2,150000,51.22,71.48
2023-11-11,Baikonur,-17.7,71.4,5.6,150000,51.22,71.48
2023-11-12,Baikonur,-14.2,74.8,17.6,150000,51.22,71.48
2023-11-13,Baikonur,-16.0,73.8,28.1,150000,51.22,71.48
2023-11-14,Baikonur,-13.4,72.4,29.3,150000,51.22,71.48
2023-11-15,Baikonur,-12.9,71.9,27.9,150000,51.22,71.48
2023-11-16,Baikonur,-11.6,75.4,21.6,150000,51.22,71.48
2023-11-17,Baikonur,-15.3,74.6,18.4,150000,51.22,71.48
2023-11-18,Baikonur,-12.3,69.3,26.2,150000,51.22,71.48
2023-11-19,Baikonur,-13.0,77.9,23.8,150000,51.22,71.48
2023-11-20,Baikonur,-13.3,71.0,23.0,150000,51.22,71.48
2023-11-21,Baikonur,-11.8,66.8,25.6,150000,51.22,71.48
2023-11-22,Baikonur,-9.5,70.2,22.8,150000,51.22,71.48
2023-11-23,Baikonur,-10.9,75.7,25.4,150000,51.22,71.48
2023-11-24,Baikonur,-13.5,82.6,13.1,150000,51.22,71.48
2023-11-25,Baikonur,-10.5,81.1,26.0,150000,51.22,71.48
2023-11-26,Baikonur,-7.2,74.1,24.8,150000,51.22,71.48
2023-11-27,Baikonur,-9.6,72.4,18.7,150000,51.22,71.48
2023-11-28,Baikonur,-8.3,77.8,18.7,150000,51.22,71.48
2023-11-29,Baikonur,-7.0,72.3,20.8,150000,51.22,71.48
2023-11-30,Baikonur,-10.5,75.4,23.1,150000,51.22,71.48
2023-12-01,Baikonur,-5.1,72.3,15.7,150000,51.22,71.48
2023-12-02,Baikonur,-7.6,76.3,11.0,150000,51.22,71.48
2023-12-03,Baikonur,-11.2,83.6,20.3,150000,51.22,71.48
2023-12-04,Baikonur,-8.6,81.7,14.8,150000,51.22,71.48
2023-12-05,Baikonur,-5.2,83.2,24.3,150000,51.22,71.48
2023-12-06,Baikonur,-7.4,84.4,15.4,150000,51.22,71.48
2023-12-07,Baikonur,-5.8,68.9,14.5,150000,51.22,71.48
2023-12-08,Baikonur,-2.9,80.2,20.8,150000,51.22,71.48
2023-12-09,Baikonur,-2.6,75.1,27.3,150000,51.22,71.48
2023-12-10,Baikonur,-3.8,78.1,14.5,150000,51.22,71.48
2023-12-11,Baikonur,-5.3,84.8,17.4,150000,51.22,71.48
2023-12-12,Baikonur,-2.4,75.8,11.7,150000,51.22,71.48
2023-12-13,Baikonur,-1.0,74.0,21.5,150000,51.22,71.48
2023-12-14,Baikonur,-5.4,78.3,10.4,150000,51.22,71.48
2023-12-15,Baikonur,-3.8,77.6,23.1,150000,51.22,71.48
2023-12-16,Baikonur,-0.2,74.8,25.9,150000,51.22,71.48
2023-12-17,Baikonur,-3.5,83.0,18.1,150000,51.22,71.48
2023-12-18,Baikonur,-2.5,77.1,19.2,150000,51.22,71.48
2023-12-19,Baikonur,1.9,83.0,15.2,150000,51.22,71.48
2023-12-20,Baikonur,-3.8,83.1,17.7,150000,51.22,71.48
2023-12-21,Baikonur,-3.4,72.7,11.5,150000,51.22,71.48
2023-12-22,Baikonur,2.6,77.6,16.4,150000,51.22,71.48
2023-12-23,Baikonur,-0.6,85.0,23.4,150000,51.22,71.48
2023-12-24,Baikonur,-1.4,79.3,13.2,150000,51.22,71.48
2023-12-25,Baikonur,4.9,76.1,21.1,150000,51.22,71.48
2023-12-26,Baikonur,2.9,85.0,16.6,150000,51.22,71.48
2023-12-27,Baikonur,5.3,81.5,17.7,150000,51.22,71.48
2023-12-28,Baikonur,3.1,82.6,15.9,150000,51.22,71.48
2023-12-29,Baikonur,3.0,79.0,28.3,150000,51.22,71.48
2023-12-30,Baikonur,5.6,74.7,22.1,150000,51.22,71.48
2023-12-31,Baikonur,5.6,81.4,12.2,150000,51.22,71.48
